Workbook

Sheet 페이백 포함
A1: 사업자 | B1: 요금제 | C1: 통화제공량 | D1: 문자제공량 | E1: 데이터 제공량 | F1: 망정보 | G1: LTE/5G 구분 | H1: 월 요금 | I1: 할인 기간 | J1: 기간 이후 요금 | K1: 요금구분
A2: LG U+ | B2: 너겟49 | C2: 무제한 | D2: 무제한 | E2: 월 120GB + 5Mbps | F2: LG U+ | G2: 5G | H2: 9000 | I2: 6 | J2: 41000 | K2: {=_xlfn.XLOOKUP(1,(참조!$B$2:$B$15=E2)*(참조!$D$2:$D$15=C2)*(참조!$E$2:$E$15=D2),참조!$C$2:$C$15,"")}
A3: U+유모바일 | B3: [평생할인] 5G 15GB+/300분 | C3: 300분 | D3: 300건 | E3: 월 15GB + 1Mbps | F3: LG U+ | G3: 5G | H3: 0 | I3: 7 | J3: 16900 | K3: {=_xlfn.XLOOKUP(1,(참조!$B$2:$B$15=E3)*(참조!$D$2:$D$15=C3)*(참조!$E$2:$E$15=D3),참조!$C$2:$C$15,"")}
A4: LG U+ | B4: 너겟49 | C4: 무제한 | D4: 무제한 | E4: 월 120GB + 5Mbps | F4: LG U+ | G4: 5G | H4: 9000 | I4: 6 | J4: 41000 | K4: {=_xlfn.XLOOKUP(1,(참조!$B$2:$B$15=E4)*(참조!$D$2:$D$15=C4)*(참조!$E$2:$E$15=D4),참조!$C$2:$C$15,"")}
A5: 찬스모바일 | B5: 5G 음성기본 125GB+5Mbps | C5: 무제한 | D5: 무제한 | E5: 월 125GB + 5Mbps | F5: LG U+ | G5: 5G | H5: 9800 | I5: 7 | J5: 55000 | K5: {=_xlfn.XLOOKUP(1,(참조!$B$2:$B$15=E5)*(참조!$D$2:$D$15=C5)*(참조!$E$2:$E$15=D5),참조!$C$2:$C$15,"")}
A6: 찬스모바일 | B6: 음성기본 맥스150GB+ | C6: 무제한 | D6: 무제한 | E6: 월 150GB + 5Mbps | F6: LG U+ | G6: 5G | H6: 10800 | I6: 7 | J6: 64900 | K6: {=_xlfn.XLOOKUP(1,(참조!$B$2:$B$15=E6)*(참조!$D$2:$D$15=C6)*(참조!$E$2:$E$15=D6),참조!$C$2:$C$15,"")}
A7: 핀다이렉트 | B7: [모요only] [K] 핀다이렉트Z 100GB+(네이버페이) _PAY | C7: 무제한 | D7: 무제한 | E7: 월 100GB + 5Mbps | F7: KT | G7: LTE | H7: 4000 | I7: 7 | J7: 43400 | K7: {=_xlfn.XLOOKUP(1,(참조!$B$2:$B$15=E7)*(참조!$D$2:$D$15=C7)*(참조!$E$2:$E$15=D7),참조!$C$2:$C$15,"")}
A8: LG U+ | B8: 데일리 너겟59 | C8: 무제한 | D8: 무제한 | E8: 무제한 | F8: LG U+ | G8: 5G | H8: 29000 | I8: 6 | J8: 34000 | K8: {=_xlfn.XLOOKUP(1,(참조!$B$2:$B$15=E8)*(참조!$D$2:$D$15=C8)*(참조!$E$2:$E$15=D8),참조!$C$2:$C$15,"")}
A9: U+유모바일 | B9: [평생할인] 15GB+/통화기본 | C9: 무제한 | D9: 무제한 | E9: 월 15GB + 1Mbps | F9: LG U+ | G9: LTE | H9: 0 | I9: 7 | J9: 20900 | K9: {=_xlfn.XLOOKUP(1,(참조!$B$2:$B$15=E9)*(참조!$D$2:$D$15=C9)*(참조!$E$2:$E$15=D9),참조!$C$2:$C$15,"")}
A10: 모나 | B10: 5G_코나아이데이터125G안심5 | C10: 무제한 | D10: 무제한 | E10: 월 125GB + 5Mbps | F10: LG U+ | G10: 5G | H10: 4400 | I10: 7 | J10: 57200 | K10: {=_xlfn.XLOOKUP(1,(참조!$B$2:$B$15=E10)*(참조!$D$2:$D$15=C10)*(참조!$E$2:$E$15=D10),참조!$C$2:$C$15,"")}
A11: 핀다이렉트 | B11: [모요only] [S] 핀다이렉트Z Max(네이버페이) _PAY | C11: 무제한 | D11: 무제한 | E11: 월 100GB + 5Mbps | F11: SKT | G11: LTE | H11: 4900 | I11: 7 | J11: 42900 | K11: {=_xlfn.XLOOKUP(1,(참조!$B$2:$B$15=E11)*(참조!$D$2:$D$15=C11)*(참조!$E$2:$E$15=D11),참조!$C$2:$C$15,"")}
A12: LG헬로모바일 | B12: 쿠폰팩 유심 11GB | C12: 무제한 | D12: 무제한 | E12: 월 11GB + 매일 2GB + 3Mbps | F12: LG U+ | G12: LTE | H12: 7730 | I12: 7 | J12: 30730 | K12: {=_xlfn.XLOOKUP(1,(참조!$B$2:$B$15=E12)*(참조!$D$2:$D$15=C12)*(참조!$E$2:$E$15=D12),참조!$C$2:$C$15,"")}
A13: 핀다이렉트 | B13: [모요only] [L] 핀다이렉트Z 100GB+(네이버페이) _PAY | C13: 무제한 | D13: 무제한 | E13: 월 100GB + 5Mbps | F13: LG U+ | G13: LTE | H13: 4900 | I13: 7 | J13: 44000 | K13: {=_xlfn.XLOOKUP(1,(참조!$B$2:$B$15=E13)*(참조!$D$2:$D$15=C13)*(참조!$E$2:$E$15=D13),참조!$C$2:$C$15,"")}
... A39: LG헬로모바일 | B39: 보편 안심 유심 15GB 300분 | C39: 300분 | D39: 300건 | E39: 월 15GB + 3Mbps | F39: LG U+ | G39: LTE | H39: 11900 | I39: 7 | J39: 31900 | K39: {=_xlfn.XLOOKUP(1,(참조!$B$2:$B$15=E39)*(참조!$D$2:$D$15=C39)*(참조!$E$2:$E$15=D39),참조!$C$2:$C$15,"")}
A40: KT스카이라이프 | B40: 슬림 1GB/100분 | C40: 100분 | D40: 100건 | E40: 월 1GB | F40: KT | G40: LTE | H40: 2900 | K40: {=_xlfn.XLOOKUP(1,(참조!$B$2:$B$15=E40)*(참조!$D$2:$D$15=C40)*(참조!$E$2:$E$15=D40),참조!$C$2:$C$15,"")}
A41: 더원모바일 | B41: TOP 7GB 기본 (네이버페이) | C41: 무제한 | D41: 무제한 | E41: 월 7GB + 1Mbps | F41: KT | G41: LTE | H41: 0 | I41: 7 | J41: 21400 | K41: {=_xlfn.XLOOKUP(1,(참조!$B$2:$B$15=E41)*(참조!$D$2:$D$15=C41)*(참조!$E$2:$E$15=D41),참조!$C$2:$C$15,"")}
A42: LG헬로모바일 | B42: 보편 안심 유심 15GB 180분 | C42: 180분 | D42: 100건 | E42: 월 15GB + 3Mbps | F42: LG U+ | G42: LTE | H42: 10800 | I42: 7 | J42: 30800 | K42: {=_xlfn.XLOOKUP(1,(참조!$B$2:$B$15=E42)*(참조!$D$2:$D$15=C42)*(참조!$E$2:$E$15=D42),참조!$C$2:$C$15,"")}
A43: 쉐이크모바일 | B43: [모요only] 쉐이크딜 LTE 100GB+_네이버페이(5,000) | C43: 무제한 | D43: 무제한 | E43: 월 100GB + 5Mbps | F43: KT | G43: LTE | H43: 4900 | I43: 7 | J43: 44500 | K43: {=_xlfn.XLOOKUP(1,(참조!$B$2:$B$15=E43)*(참조!$D$2:$D$15=C43)*(참조!$E$2:$E$15=D43),참조!$C$2:$C$15,"")}
A44: LG헬로모바일 | B44: DATA 걱정없는 유심 15GB | C44: 무제한 | D44: 무제한 | E44: 월 15GB + 1Mbps | F44: LG U+ | G44: LTE | H44: 9950 | I44: 7 | J44: 20950 | K44: {=_xlfn.XLOOKUP(1,(참조!$B$2:$B$15=E44)*(참조!$D$2:$D$15=C44)*(참조!$E$2:$E$15=D44),참조!$C$2:$C$15,"")}
A45: 고고모바일 | B45: [모요only] 고고딜 무제한 11GB+3M(Npay 5000P)_12개월 | C45: 무제한 | D45: 무제한 | E45: 월 11GB + 매일 2GB + 3Mbps | F45: KT | G45: LTE | H45: 17000 | I45: 12 | J45: 34600 | K45: {=_xlfn.XLOOKUP(1,(참조!$B$2:$B$15=E45)*(참조!$D$2:$D$15=C45)*(참조!$E$2:$E$15=D45),참조!$C$2:$C$15,"")}
A46: 고고모바일 | B46: [모요only] 고고딜 무제한 7GB+1M(Npay 5000P)_12개월 | C46: 무제한 | D46: 무제한 | E46: 월 7GB + 1Mbps | F46: KT | G46: LTE | H46: 5000 | I46: 12 | J46: 19200 | K46: {=_xlfn.XLOOKUP(1,(참조!$B$2:$B$15=E46)*(참조!$D$2:$D$15=C46)*(참조!$E$2:$E$15=D46),참조!$C$2:$C$15,"")}
A47: 쉐이크모바일 | B47: [모요only] 쉐이크 LTE 11GB+_네이버페이 매 월 5,000원 | C47: 무제한 | D47: 무제한 | E47: 월 11GB + 매일 2GB + 3Mbps | F47: KT | G47: LTE | H47: 4800 | I47: 7 | J47: 37900 | K47: {=_xlfn.XLOOKUP(1,(참조!$B$2:$B$15=E47)*(참조!$D$2:$D$15=C47)*(참조!$E$2:$E$15=D47),참조!$C$2:$C$15,"")}
A48: LG헬로모바일 | B48: 5G 유심 중간요금제 95GB | C48: 무제한 | D48: 무제한 | E48: 월 95GB + 3Mbps | F48: LG U+ | G48: 5G | H48: 24000 | I48: 7 | J48: 44000 | K48: {=_xlfn.XLOOKUP(1,(참조!$B$2:$B$15=E48)*(참조!$D$2:$D$15=C48)*(참조!$E$2:$E$15=D48),참조!$C$2:$C$15,"")}
A49: U+유모바일 | B49: 데이터 플러스 7GB(평생+10GB 추가 제공 프로모션) | C49: 무제한 | D49: 무제한 | E49: 월 17GB + 1Mbps | F49: LG U+ | G49: LTE | H49: 17500 | K49: {=_xlfn.XLOOKUP(1,(참조!$B$2:$B$15=E49)*(참조!$D$2:$D$15=C49)*(참조!$E$2:$E$15=D49),참조!$C$2:$C$15,"")}
A50: 쉐이크모바일 | B50: [모요only] 쉐이크 LTE 7GB+_네이버페이 매 월 5,000원 | C50: 무제한 | D50: 무제한 | E50: 월 7GB + 1Mbps | F50: KT | G50: LTE | H50: 0 | I50: 7 | J50: 34600 | K50: {=_xlfn.XLOOKUP(1,(참조!$B$2:$B$15=E50)*(참조!$D$2:$D$15=C50)*(참조!$E$2:$E$15=D50),참조!$C$2:$C$15,"")}
A51: LG헬로모바일 | B51: 보편 안심 유심 10GB 200분 | C51: 200분 | D51: 100건 | E51: 월 10GB + 1Mbps | F51: LG U+ | G51: LTE | H51: 7900 | I51: 7 | J51: 18900 | K51: {=_xlfn.XLOOKUP(1,(참조!$B$2:$B$15=E51)*(참조!$D$2:$D$15=C51)*(참조!$E$2:$E$15=D51),참조!$C$2:$C$15,"")}
A52: 더원모바일 | B52: TOP 11GB 기본 (네이버페이) | C52: 무제한 | D52: 무제한 | E52: 월 11GB + 매일 2GB + 3Mbps | F52: KT | G52: LTE | H52: 4900 | I52: 7 | J52: 35700 | K52: {=_xlfn.XLOOKUP(1,(참조!$B$2:$B$15=E52)*(참조!$D$2:$D$15=C52)*(참조!$E$2:$E$15=D52),참조!$C$2:$C$15,"")}
A53: 고고모바일 | B53: [모요only] 무제한 11GB+3M(매월 네이버페이5000P) | C53: 무제한 | D53: 무제한 | E53: 월 11GB + 매일 2GB + 3Mbps | F53: KT | G53: LTE | H53: 11000 | I53: 7 | J53: 35700 | K53: {=_xlfn.XLOOKUP(1,(참조!$B$2:$B$15=E53)*(참조!$D$2:$D$15=C53)*(참조!$E$2:$E$15=D53),참조!$C$2:$C$15,"")}
A54: 모나 | B54: 코나아이데이터11G+일2G | C54: 무제한 | D54: 무제한 | E54: 월 11GB + 매일 2GB + 3Mbps | F54: LG U+ | G54: LTE | H54: 27900 | K54: {=_xlfn.XLOOKUP(1,(참조!$B$2:$B$15=E54)*(참조!$D$2:$D$15=C54)*(참조!$E$2:$E$15=D54),참조!$C$2:$C$15,"")}
A55: 모나 | B55: 5G_모나알뜰125G안심5 | C55: 무제한 | D55: 무제한 | E55: 월 125GB + 5Mbps | F55: LG U+ | G55: 5G | H55: 27100 | I55: 24 | J55: 52200 | K55: {=_xlfn.XLOOKUP(1,(참조!$B$2:$B$15=E55)*(참조!$D$2:$D$15=C55)*(참조!$E$2:$E$15=D55),참조!$C$2:$C$15,"")}
A56: 모나 | B56: 코나아이데이터15G+(+10G)1M | C56: 무제한 | D56: 무제한 | E56: 월 25GB + 1Mbps | F56: LG U+ | G56: LTE | H56: 17990 | K56: {=_xlfn.XLOOKUP(1,(참조!$B$2:$B$15=E56)*(참조!$D$2:$D$15=C56)*(참조!$E$2:$E$15=D56),참조!$C$2:$C$15,"")}
A57: LG헬로모바일 | B57: 5G 유심 중간요금제 80GB | C57: 무제한 | D57: 무제한 | E57: 월 80GB + 1Mbps | F57: LG U+ | G57: 5G | H57: 22680 | I57: 7 | J57: 42680 | K57: {=_xlfn.XLOOKUP(1,(참조!$B$2:$B$15=E57)*(참조!$D$2:$D$15=C57)*(참조!$E$2:$E$15=D57),참조!$C$2:$C$15,"")}
A58: U+유모바일 | B58: [Npay 12만 기본제공] 7GB+/통화기본 | C58: 무제한 | D58: 무제한 | E58: 월 7GB + 1Mbps | F58: LG U+ | G58: LTE | H58: 13300 | I58: 24 | J58: 18300 | K58: {=_xlfn.XLOOKUP(1,(참조!$B$2:$B$15=E58)*(참조!$D$2:$D$15=C58)*(참조!$E$2:$E$15=D58),참조!$C$2:$C$15,"")}
A59: 모나 | B59: 코나아이데이터10G(+10G)+1M | C59: 무제한 | D59: 무제한 | E59: 월 20GB + 1Mbps | F59: LG U+ | G59: LTE | H59: 16990 | K59: {=_xlfn.XLOOKUP(1,(참조!$B$2:$B$15=E59)*(참조!$D$2:$D$15=C59)*(참조!$E$2:$E$15=D59),참조!$C$2:$C$15,"")}
A60: U+유모바일 | B60: [Npay 12만 기본제공] 17GB+/통화기본 | C60: 무제한 | D60: 무제한 | E60: 월 17GB + 1Mbps | F60: LG U+ | G60: LTE | H60: 14900 | I60: 24 | J60: 19900 | K60: {=_xlfn.XLOOKUP(1,(참조!$B$2:$B$15=E60)*(참조!$D$2:$D$15=C60)*(참조!$E$2:$E$15=D60),참조!$C$2:$C$15,"")}
A61: LG헬로모바일 | B61: 슬림 유심 2GB 200분 | C61: 200분 | D61: 150건 | E61: 월 2GB | F61: LG U+ | G61: LTE | H61: 0 | I61: 6 | J61: 3700 | K61: {=_xlfn.XLOOKUP(1,(참조!$B$2:$B$15=E61)*(참조!$D$2:$D$15=C61)*(참조!$E$2:$E$15=D61),참조!$C$2:$C$15,"")}
A62: LG헬로모바일 | B62: 5G 유심 중간요금제 31GB | C62: 무제한 | D62: 무제한 | E62: 월 31GB + 1Mbps | F62: LG U+ | G62: 5G | H62: 19600 | I62: 7 | J62: 39600 | K62: {=_xlfn.XLOOKUP(1,(참조!$B$2:$B$15=E62)*(참조!$D$2:$D$15=C62)*(참조!$E$2:$E$15=D62),참조!$C$2:$C$15,"")}
A63: 더원모바일 | B63: TOP 11GB 기본 (밀리의서재) | C63: 무제한 | D63: 무제한 | E63: 월 11GB + 매일 2GB + 3Mbps | F63: KT | G63: LTE | H63: 16500 | I63: 12 | J63: 38500 | K63: {=_xlfn.XLOOKUP(1,(참조!$B$2:$B$15=E63)*(참조!$D$2:$D$15=C63)*(참조!$E$2:$E$15=D63),참조!$C$2:$C$15,"")}
A64: LG헬로모바일 | B64: DATA 걱정없는 유심 1GB | C64: 무제한 | D64: 무제한 | E64: 월 1GB + 1Mbps | F64: LG U+ | G64: LTE | H64: 2500 | I64: 6 | J64: 7500 | K64: {=_xlfn.XLOOKUP(1,(참조!$B$2:$B$15=E64)*(참조!$D$2:$D$15=C64)*(참조!$E$2:$E$15=D64),참조!$C$2:$C$15,"")}
A65: KT엠모바일 | B65: 통화 맘껏 15GB | C65: 무제한 | D65: 무제한 | E65: 월 15GB | F65: KT | G65: LTE | H65: 12400 | K65: {=_xlfn.XLOOKUP(1,(참조!$B$2:$B$15=E65)*(참조!$D$2:$D$15=C65)*(참조!$E$2:$E$15=D65),참조!$C$2:$C$15,"")}
A66: 마블링 | B66: [모요only] 마블링 프라임 11GB+매일2GB+3Mbps | C66: 무제한 | D66: 무제한 | E66: 월 11GB + 매일 2GB + 3Mbps | F66: LG U+ | G66: LTE | H66: 4500 | I66: 7 | J66: 38900 | K66: {=_xlfn.XLOOKUP(1,(참조!$B$2:$B$15=E66)*(참조!$D$2:$D$15=C66)*(참조!$E$2:$E$15=D66),참조!$C$2:$C$15,"")}
A67: 이지모바일 | B67: EG 무제한 100GB+5M(밀리의 서재) | C67: 무제한 | D67: 무제한 | E67: 월 100GB + 5Mbps | F67: KT | G67: LTE | H67: 6900 | I67: 6 | J67: 44000 | K67: {=_xlfn.XLOOKUP(1,(참조!$B$2:$B$15=E67)*(참조!$D$2:$D$15=C67)*(참조!$E$2:$E$15=D67),참조!$C$2:$C$15,"")}
A68: LG헬로모바일 | B68: The 착한 데이터 유심 9GB 3000분 | C68: 3,000분 | D68: 1,000건 | E68: 월 9GB | F68: LG U+ | G68: LTE | H68: 5900 | I68: 7 | J68: 16900 | K68: {=_xlfn.XLOOKUP(1,(참조!$B$2:$B$15=E68)*(참조!$D$2:$D$15=C68)*(참조!$E$2:$E$15=D68),참조!$C$2:$C$15,"")}
A69: 모나 | B69: 5G_모나알뜰150G안심5 | C69: 무제한 | D69: 무제한 | E69: 월 150GB + 5Mbps | F69: LG U+ | G69: 5G | H69: 27300 | I69: 24 | J69: 57700 | K69: {=_xlfn.XLOOKUP(1,(참조!$B$2:$B$15=E69)*(참조!$D$2:$D$15=C69)*(참조!$E$2:$E$15=D69),참조!$C$2:$C$15,"")}
A70: U+유모바일 | B70: 데이터 플러스 10GB(평생 +10GB 추가 제공 프로모션) | C70: 무제한 | D70: 무제한 | E70: 월 20GB + 1Mbps | F70: LG U+ | G70: LTE | H70: 19900 | K70: {=_xlfn.XLOOKUP(1,(참조!$B$2:$B$15=E70)*(참조!$D$2:$D$15=C70)*(참조!$E$2:$E$15=D70),참조!$C$2:$C$15,"")}
A71: KG모바일 | B71: [평생할인] 통화, 데이터 마음대로 11GB+ | C71: 무제한 | D71: 무제한 | E71: 월 11GB + 매일 2GB + 3Mbps | F71: LG U+ | G71: LTE | H71: 28900 | K71: {=_xlfn.XLOOKUP(1,(참조!$B$2:$B$15=E71)*(참조!$D$2:$D$15=C71)*(참조!$E$2:$E$15=D71),참조!$C$2:$C$15,"")}
A72: 인스모바일 | B72: 인스 유심 스피드(5G) 125GB+ | C72: 무제한 | D72: 무제한 | E72: 월 125GB + 5Mbps | F72: LG U+ | G72: 5G | H72: 4400 | I72: 7 | J72: 57090 | K72: {=_xlfn.XLOOKUP(1,(참조!$B$2:$B$15=E72)*(참조!$D$2:$D$15=C72)*(참조!$E$2:$E$15=D72),참조!$C$2:$C$15,"")}
A73: 쉐이크모바일 | B73: [모요only] 쉐이크 LTE 15GB+_네이버페이 매 월 5,000원 | C73: 무제한 | D73: 무제한 | E73: 월 15GB + 1Mbps | F73: KT | G73: LTE | H73: 4900 | I73: 7 | J73: 24700 | K73: {=_xlfn.XLOOKUP(1,(참조!$B$2:$B$15=E73)*(참조!$D$2:$D$15=C73)*(참조!$E$2:$E$15=D73),참조!$C$2:$C$15,"")}
A74: LG헬로모바일 | B74: 5G 스탠다드 유심 150GB | C74: 무제한 | D74: 무제한 | E74: 월 150GB + 5Mbps | F74: LG U+ | G74: 5G | H74: 29900 | I74: 7 | J74: 49900 | K74: {=_xlfn.XLOOKUP(1,(참조!$B$2:$B$15=E74)*(참조!$D$2:$D$15=C74)*(참조!$E$2:$E$15=D74),참조!$C$2:$C$15,"")}
A75: 더원모바일 | B75: TOP 100GB 기본 (밀리의서재) | C75: 무제한 | D75: 무제한 | E75: 월 100GB + 5Mbps | F75: KT | G75: LTE | H75: 20900 | I75: 12 | J75: 46200 | K75: {=_xlfn.XLOOKUP(1,(참조!$B$2:$B$15=E75)*(참조!$D$2:$D$15=C75)*(참조!$E$2:$E$15=D75),참조!$C$2:$C$15,"")}
A76: U+유모바일 | B76: 데이터차단 (0GB/통화기본) | C76: 무제한 | D76: 무제한 | E76: 데이터 제공안함 | F76: LG U+ | G76: LTE | H76: 4900 | K76: {=_xlfn.XLOOKUP(1,(참조!$B$2:$B$15=E76)*(참조!$D$2:$D$15=C76)*(참조!$E$2:$E$15=D76),참조!$C$2:$C$15,"")}
A77: 더원모바일 | B77: TOP 11GB 기본 (CU할인) | C77: 무제한 | D77: 무제한 | E77: 월 11GB + 매일 2GB + 3Mbps | F77: KT | G77: LTE | H77: 16500 | I77: 12 | J77: 38500 | K77: {=_xlfn.XLOOKUP(1,(참조!$B$2:$B$15=E77)*(참조!$D$2:$D$15=C77)*(참조!$E$2:$E$15=D77),참조!$C$2:$C$15,"")}
A78: KT엠모바일 | B78: 통화 맘껏 20GB | C78: 무제한 | D78: 무제한 | E78: 월 20GB | F78: KT | G78: LTE | H78: 14400 | K78: {=_xlfn.XLOOKUP(1,(참조!$B$2:$B$15=E78)*(참조!$D$2:$D$15=C78)*(참조!$E$2:$E$15=D78),참조!$C$2:$C$15,"")}
A79: KT엠모바일 | B79: 5G 데이터 충분 15GB/200분 | C79: 200분 | D79: 100건 | E79: 월 15GB | F79: KT | G79: 5G | H79: 12400 | K79: {=_xlfn.XLOOKUP(1,(참조!$B$2:$B$15=E79)*(참조!$D$2:$D$15=C79)*(참조!$E$2:$E$15=D79),참조!$C$2:$C$15,"")}
A80: 더원모바일 | B80: TOP 11GB 기본 (네이버페이) | C80: 무제한 | D80: 무제한 | E80: 월 11GB + 매일 2GB + 3Mbps | F80: KT | G80: LTE | H80: 18700 | I80: 12 | J80: 40700 | K80: {=_xlfn.XLOOKUP(1,(참조!$B$2:$B$15=E80)*(참조!$D$2:$D$15=C80)*(참조!$E$2:$E$15=D80),참조!$C$2:$C$15,"")}
A81: 인스모바일 | B81: 인스 유심 스트롱 11GB+ | C81: 무제한 | D81: 무제한 | E81: 월 11GB + 매일 2GB + 3Mbps | F81: LG U+ | G81: LTE | H81: 4490 | I81: 7 | J81: 39000 | K81: {=_xlfn.XLOOKUP(1,(참조!$B$2:$B$15=E81)*(참조!$D$2:$D$15=C81)*(참조!$E$2:$E$15=D81),참조!$C$2:$C$15,"")}
A82: KG모바일 | B82: [평생할인] 데이터 마음대로 (10GB+/300분) | C82: 300분 | D82: 100건 | E82: 월 10GB + 1Mbps | F82: LG U+ | G82: LTE | H82: 5900 | K82: {=_xlfn.XLOOKUP(1,(참조!$B$2:$B$15=E82)*(참조!$D$2:$D$15=C82)*(참조!$E$2:$E$15=D82),참조!$C$2:$C$15,"")}
A83: 모나 | B83: 모나210분4.5G | C83: 210분 | D83: 100건 | E83: 월 4.5GB | F83: LG U+ | G83: LTE | H83: 10 | I83: 18 | J83: 20900 | K83: {=_xlfn.XLOOKUP(1,(참조!$B$2:$B$15=E83)*(참조!$D$2:$D$15=C83)*(참조!$E$2:$E$15=D83),참조!$C$2:$C$15,"")}
A84: KT엠모바일 | B84: 데이터 충분 15GB/100분 | C84: 100분 | D84: 100건 | E84: 월 15GB | F84: KT | G84: LTE | H84: 11400 | K84: {=_xlfn.XLOOKUP(1,(참조!$B$2:$B$15=E84)*(참조!$D$2:$D$15=C84)*(참조!$E$2:$E$15=D84),참조!$C$2:$C$15,"")}
A85: 찬스모바일 | B85: 음성기본 5GB+ | C85: 무제한 | D85: 무제한 | E85: 월 5GB + 1Mbps | F85: LG U+ | G85: LTE | H85: 10 | I85: 6 | J85: 16500 | K85: {=_xlfn.XLOOKUP(1,(참조!$B$2:$B$15=E85)*(참조!$D$2:$D$15=C85)*(참조!$E$2:$E$15=D85),참조!$C$2:$C$15,"")}
A86: 모나 | B86: 5G_모나알뜰95G안심3 | C86: 무제한 | D86: 무제한 | E86: 월 95GB + 3Mbps | F86: LG U+ | G86: 5G | H86: 26900 | I86: 24 | J86: 50000 | K86: {=_xlfn.XLOOKUP(1,(참조!$B$2:$B$15=E86)*(참조!$D$2:$D$15=C86)*(참조!$E$2:$E$15=D86),참조!$C$2:$C$15,"")}
A87: 모나 | B87: 5G_신한카드_기본150G안심5 | C87: 무제한 | D87: 무제한 | E87: 월 150GB + 5Mbps | F87: LG U+ | G87: 5G | H87: 30900 | K87: {=_xlfn.XLOOKUP(1,(참조!$B$2:$B$15=E87)*(참조!$D$2:$D$15=C87)*(참조!$E$2:$E$15=D87),참조!$C$2:$C$15,"")}
A88: 모나 | B88: 모나300분10G안심1 | C88: 300분 | D88: 200건 | E88: 월 10GB + 1Mbps | F88: LG U+ | G88: LTE | H88: 10 | I88: 6 | J88: 38500 | K88: {=_xlfn.XLOOKUP(1,(참조!$B$2:$B$15=E88)*(참조!$D$2:$D$15=C88)*(참조!$E$2:$E$15=D88),참조!$C$2:$C$15,"")}
A89: KT엠모바일 | B89: 데이터 충분 20GB/100분 | C89: 100분 | D89: 100건 | E89: 월 20GB | F89: KT | G89: LTE | H89: 13400 | K89: {=_xlfn.XLOOKUP(1,(참조!$B$2:$B$15=E89)*(참조!$D$2:$D$15=C89)*(참조!$E$2:$E$15=D89),참조!$C$2:$C$15,"")}
A90: 고고모바일 | B90: [모요only] 5G 200분/15GB | C90: 200분 | D90: 100건 | E90: 월 15GB | F90: KT | G90: 5G | H90: 10 | I90: 7 | J90: 26400 | K90: {=_xlfn.XLOOKUP(1,(참조!$B$2:$B$15=E90)*(참조!$D$2:$D$15=C90)*(참조!$E$2:$E$15=D90),참조!$C$2:$C$15,"")}
A91: 티플러스 | B91: 5G 가성비플러스(15GB/350분) | C91: 350분 | D91: 100건 | E91: 월 15GB | F91: KT | G91: 5G | H91: 10 | I91: 7 | J91: 22000 | K91: {=_xlfn.XLOOKUP(1,(참조!$B$2:$B$15=E91)*(참조!$D$2:$D$15=C91)*(참조!$E$2:$E$15=D91),참조!$C$2:$C$15,"")}
A92: U+유모바일 | B92: [평생할인] 5G 10GB/통화기본 | C92: 무제한 | D92: 무제한 | E92: 월 10GB | F92: LG U+ | G92: 5G | H92: 12500 | K92: {=_xlfn.XLOOKUP(1,(참조!$B$2:$B$15=E92)*(참조!$D$2:$D$15=C92)*(참조!$E$2:$E$15=D92),참조!$C$2:$C$15,"")}
A93: KG모바일 | B93: [일반] 데이터 마음대로 (4.5GB+/100분)_12개월 | C93: 100분 | D93: 100건 | E93: 월 4.5GB + 1Mbps | F93: LG U+ | G93: LTE | H93: 100 | I93: 12 | J93: 16800 | K93: {=_xlfn.XLOOKUP(1,(참조!$B$2:$B$15=E93)*(참조!$D$2:$D$15=C93)*(참조!$E$2:$E$15=D93),참조!$C$2:$C$15,"")}
A94: 더원모바일 | B94: TOP 15GB 기본 (밀리의서재) | C94: 무제한 | D94: 무제한 | E94: 월 15GB + 1Mbps | F94: KT | G94: LTE | H94: 11000 | I94: 12 | J94: 29700 | K94: {=_xlfn.XLOOKUP(1,(참조!$B$2:$B$15=E94)*(참조!$D$2:$D$15=C94)*(참조!$E$2:$E$15=D94),참조!$C$2:$C$15,"")}
A95: 이야기모바일 | B95: [모요only] 모두이야기해 6GB+ | C95: 200분 | D95: 100건 | E95: 월 6GB + 1Mbps | F95: LG U+ | G95: LTE | H95: 0 | I95: 6 | J95: 12100 | K95: {=_xlfn.XLOOKUP(1,(참조!$B$2:$B$15=E95)*(참조!$D$2:$D$15=C95)*(참조!$E$2:$E$15=D95),참조!$C$2:$C$15,"")}
A96: 더원모바일 | B96: TOP 5G 110GB 기본 (밀리의서재) | C96: 무제한 | D96: 무제한 | E96: 월 110GB + 5Mbps | F96: KT | G96: 5G | H96: 24200 | I96: 12 | J96: 47300 | K96: {=_xlfn.XLOOKUP(1,(참조!$B$2:$B$15=E96)*(참조!$D$2:$D$15=C96)*(참조!$E$2:$E$15=D96),참조!$C$2:$C$15,"")}
A97: U+유모바일 | B97: [평생할인] 5G 2GB/통화기본 | C97: 무제한 | D97: 무제한 | E97: 월 2GB | F97: LG U+ | G97: 5G | H97: 6000 | K97: {=_xlfn.XLOOKUP(1,(참조!$B$2:$B$15=E97)*(참조!$D$2:$D$15=C97)*(참조!$E$2:$E$15=D97),참조!$C$2:$C$15,"")}
A98: 쉐이크모바일 | B98: [모요only] 쉐이크only LTE 100GB+밀리의서재 | C98: 무제한 | D98: 무제한 | E98: 월 100GB + 5Mbps | F98: KT | G98: LTE | H98: 7900 | I98: 7 | J98: 45100 | K98: {=_xlfn.XLOOKUP(1,(참조!$B$2:$B$15=E98)*(참조!$D$2:$D$15=C98)*(참조!$E$2:$E$15=D98),참조!$C$2:$C$15,"")}
A99: 더원모바일 | B99: TOP 100GB 기본 (CU할인) | C99: 무제한 | D99: 무제한 | E99: 월 100GB + 5Mbps | F99: KT | G99: LTE | H99: 20900 | I99: 12 | J99: 46200 | K99: {=_xlfn.XLOOKUP(1,(참조!$B$2:$B$15=E99)*(참조!$D$2:$D$15=C99)*(참조!$E$2:$E$15=D99),참조!$C$2:$C$15,"")}
A100: KT엠모바일 | B100: 모두다 맘껏 안심 20GB+ | C100: 무제한 | D100: 무제한 | E100: 월 20GB + 400Kbps | F100: KT | G100: LTE | H100: 16400 | K100: {=_xlfn.XLOOKUP(1,(참조!$B$2:$B$15=E100)*(참조!$D$2:$D$15=C100)*(참조!$E$2:$E$15=D100),참조!$C$2:$C$15,"")}
A101: 더원모바일 | B101: TOP 5G 200GB 기본 (네이버페이) | C101: 무제한 | D101: 무제한 | E101: 월 200GB + 10Mbps | F101: KT | G101: 5G | H101: 19200 | I101: 7 | J101: 50000 | K101: {=_xlfn.XLOOKUP(1,(참조!$B$2:$B$15=E101)*(참조!$D$2:$D$15=C101)*(참조!$E$2:$E$15=D101),참조!$C$2:$C$15,"")}
A102: 이야기모바일 | B102: 이야기 폰케어 71GB+ | C102: 무제한 | D102: 무제한 | E102: 월 11GB + 매일 2GB + 3Mbps | F102: LG U+ | G102: LTE | H102: 23000 | I102: 24 | J102: 39600 | K102: {=_xlfn.XLOOKUP(1,(참조!$B$2:$B$15=E102)*(참조!$D$2:$D$15=C102)*(참조!$E$2:$E$15=D102),참조!$C$2:$C$15,"")}
A103: 이지모바일 | B103: 이지 무제한 5GB+1 | C103: 무제한 | D103: 무제한 | E103: 월 5GB + 1Mbps | F103: LG U+ | G103: LTE | H103: 10 | I103: 6 | J103: 17600 | K103: {=_xlfn.XLOOKUP(1,(참조!$B$2:$B$15=E103)*(참조!$D$2:$D$15=C103)*(참조!$E$2:$E$15=D103),참조!$C$2:$C$15,"")}
A104: 더원모바일 | B104: TOP 15GB 100분 (밀리의서재) | C104: 100분 | D104: 100건 | E104: 월 15GB + 3Mbps | F104: KT | G104: LTE | H104: 12100 | I104: 12 | J104: 33000 | K104: {=_xlfn.XLOOKUP(1,(참조!$B$2:$B$15=E104)*(참조!$D$2:$D$15=C104)*(참조!$E$2:$E$15=D104),참조!$C$2:$C$15,"")}
A105: 모나 | B105: 5G_모나300분15G | C105: 300분 | D105: 300건 | E105: 월 15GB | F105: LG U+ | G105: 5G | H105: 10 | I105: 6 | J105: 36300 | K105: {=_xlfn.XLOOKUP(1,(참조!$B$2:$B$15=E105)*(참조!$D$2:$D$15=C105)*(참조!$E$2:$E$15=D105),참조!$C$2:$C$15,"")}
A106: 찬스모바일 | B106: 5G 음성기본 125GB+5Mbps | C106: 무제한 | D106: 무제한 | E106: 월 125GB + 5Mbps | F106: LG U+ | G106: 5G | H106: 7800 | I106: 7 | J106: 50600 | K106: {=_xlfn.XLOOKUP(1,(참조!$B$2:$B$15=E106)*(참조!$D$2:$D$15=C106)*(참조!$E$2:$E$15=D106),참조!$C$2:$C$15,"")}
A107: 쉐이크모바일 | B107: [모요only] 쉐이크 5G 110GB+_밀리의서재 | C107: 무제한 | D107: 무제한 | E107: 월 110GB + 5Mbps | F107: KT | G107: 5G | H107: 4900 | I107: 6 | J107: 48400 | K107: {=_xlfn.XLOOKUP(1,(참조!$B$2:$B$15=E107)*(참조!$D$2:$D$15=C107)*(참조!$E$2:$E$15=D107),참조!$C$2:$C$15,"")}
A108: 찬스모바일 | B108: 알찬5G 실속8G | C108: 150분 | D108: 100건 | E108: 월 8GB | F108: LG U+ | G108: 5G | H108: 10 | I108: 6 | J108: 7700 | K108: {=_xlfn.XLOOKUP(1,(참조!$B$2:$B$15=E108)*(참조!$D$2:$D$15=C108)*(참조!$E$2:$E$15=D108),참조!$C$2:$C$15,"")}
A109: 고고모바일 | B109: [모요only] 5G 200분/20GB | C109: 200분 | D109: 100건 | E109: 월 20GB | F109: KT | G109: 5G | H109: 100 | I109: 7 | J109: 29700 | K109: {=_xlfn.XLOOKUP(1,(참조!$B$2:$B$15=E109)*(참조!$D$2:$D$15=C109)*(참조!$E$2:$E$15=D109),참조!$C$2:$C$15,"")}
A110: 이지모바일 | B110: EG 10무제한 11G+3(CU할인) | C110: 무제한 | D110: 무제한 | E110: 월 11GB + 매일 2GB + 3Mbps | F110: KT | G110: LTE | H110: 17900 | I110: 10 | J110: 39600 | K110: {=_xlfn.XLOOKUP(1,(참조!$B$2:$B$15=E110)*(참조!$D$2:$D$15=C110)*(참조!$E$2:$E$15=D110),참조!$C$2:$C$15,"")}
A111: 티플러스 | B111: KT 100GB+ (밀리의서재+올리브영 매월 5천원 상품권!) | C111: 무제한 | D111: 무제한 | E111: 월 100GB + 5Mbps | F111: KT | G111: LTE | H111: 8900 | I111: 7 | J111: 48400 | K111: {=_xlfn.XLOOKUP(1,(참조!$B$2:$B$15=E111)*(참조!$D$2:$D$15=C111)*(참조!$E$2:$E$15=D111),참조!$C$2:$C$15,"")}
A112: 더원모바일 | B112: TOP 11GB 기본 (쿠팡캐시) | C112: 무제한 | D112: 무제한 | E112: 월 11GB + 매일 2GB + 3Mbps | F112: KT | G112: LTE | H112: 18700 | I112: 12 | J112: 40700 | K112: {=_xlfn.XLOOKUP(1,(참조!$B$2:$B$15=E112)*(참조!$D$2:$D$15=C112)*(참조!$E$2:$E$15=D112),참조!$C$2:$C$15,"")}
A113: U+유모바일 | B113: [평생할인] 10GB/100분 | C113: 100분 | D113: 100건 | E113: 월 10GB | F113: LG U+ | G113: LTE | H113: 9900 | K113: {=_xlfn.XLOOKUP(1,(참조!$B$2:$B$15=E113)*(참조!$D$2:$D$15=C113)*(참조!$E$2:$E$15=D113),참조!$C$2:$C$15,"")}
A114: KG모바일 | B114: [평생할인] 데이터 마음대로 (5GB+/100분) | C114: 100분 | D114: 100건 | E114: 월 5GB + 1Mbps | F114: LG U+ | G114: LTE | H114: 2900 | K114: {=_xlfn.XLOOKUP(1,(참조!$B$2:$B$15=E114)*(참조!$D$2:$D$15=C114)*(참조!$E$2:$E$15=D114),참조!$C$2:$C$15,"")}
A115: KT엠모바일 | B115: 5G 데이터 충분 20GB/200분 | C115: 200분 | D115: 100건 | E115: 월 20GB | F115: KT | G115: 5G | H115: 14400 | K115: {=_xlfn.XLOOKUP(1,(참조!$B$2:$B$15=E115)*(참조!$D$2:$D$15=C115)*(참조!$E$2:$E$15=D115),참조!$C$2:$C$15,"")}
A116: 마블링 | B116: [모요only] 마블링 무제한 100GB+ | C116: 무제한 | D116: 무제한 | E116: 월 100GB + 5Mbps | F116: LG U+ | G116: LTE | H116: 24209 | I116: 12 | J116: 47930 | K116: {=_xlfn.XLOOKUP(1,(참조!$B$2:$B$15=E116)*(참조!$D$2:$D$15=C116)*(참조!$E$2:$E$15=D116),참조!$C$2:$C$15,"")}
A117: 모나 | B117: 5G_모나기본95G안심3 | C117: 무제한 | D117: 무제한 | E117: 월 95GB + 3Mbps | F117: LG U+ | G117: 5G | H117: 28400 | I117: 24 | J117: 55000 | K117: {=_xlfn.XLOOKUP(1,(참조!$B$2:$B$15=E117)*(참조!$D$2:$D$15=C117)*(참조!$E$2:$E$15=D117),참조!$C$2:$C$15,"")}
A118: 이야기모바일 | B118: 함께이야기해S(300분+15GB) | C118: 300분 | D118: 150건 | E118: 월 15GB | F118: SKT | G118: LTE | H118: 990 | I118: 12 | J118: 15400 | K118: {=_xlfn.XLOOKUP(1,(참조!$B$2:$B$15=E118)*(참조!$D$2:$D$15=C118)*(참조!$E$2:$E$15=D118),참조!$C$2:$C$15,"")}
A119: KG모바일 | B119: [모빌카드 스페셜] 유심 5G 125GB+ | C119: 무제한 | D119: 무제한 | E119: 월 125GB + 5Mbps | F119: LG U+ | G119: 5G | H119: 7100 | I119: 7 | J119: 51150 | K119: {=_xlfn.XLOOKUP(1,(참조!$B$2:$B$15=E119)*(참조!$D$2:$D$15=C119)*(참조!$E$2:$E$15=D119),참조!$C$2:$C$15,"")}
A120: KG모바일 | B120: [일반] 통화, 데이터 마음대로 (5GB+) | C120: 무제한 | D120: 무제한 | E120: 월 5GB + 1Mbps | F120: LG U+ | G120: LTE | H120: 10 | I120: 6 | J120: 19300 | K120: {=_xlfn.XLOOKUP(1,(참조!$B$2:$B$15=E120)*(참조!$D$2:$D$15=C120)*(참조!$E$2:$E$15=D120),참조!$C$2:$C$15,"")}
A121: 고고모바일 | B121: 5G200분/15GB | C121: 200분 | D121: 100건 | E121: 월 15GB | F121: KT | G121: 5G | H121: 20790 | K121: {=_xlfn.XLOOKUP(1,(참조!$B$2:$B$15=E121)*(참조!$D$2:$D$15=C121)*(참조!$E$2:$E$15=D121),참조!$C$2:$C$15,"")}
A122: KT엠모바일 | B122: 5G 데이터 충분 10GB/200분 | C122: 200분 | D122: 100건 | E122: 월 10GB | F122: KT | G122: 5G | H122: 9400 | K122: {=_xlfn.XLOOKUP(1,(참조!$B$2:$B$15=E122)*(참조!$D$2:$D$15=C122)*(참조!$E$2:$E$15=D122),참조!$C$2:$C$15,"")}
A123: 마블링 | B123: [모요only] 마블링 5G 프라임 125GB+5Mbps | C123: 무제한 | D123: 무제한 | E123: 월 125GB + 5Mbps | F123: LG U+ | G123: 5G | H123: 7100 | I123: 7 | J123: 44900 | K123: {=_xlfn.XLOOKUP(1,(참조!$B$2:$B$15=E123)*(참조!$D$2:$D$15=C123)*(참조!$E$2:$E$15=D123),참조!$C$2:$C$15,"")}
A124: 이지모바일 | B124: 이지 데이터 7GB | C124: 300분 | D124: 100건 | E124: 월 7GB | F124: LG U+ | G124: LTE | H124: 10 | I124: 6 | J124: 17050 | K124: {=_xlfn.XLOOKUP(1,(참조!$B$2:$B$15=E124)*(참조!$D$2:$D$15=C124)*(참조!$E$2:$E$15=D124),참조!$C$2:$C$15,"")}
A125: 찬스모바일 | B125: [모요only] [CH]100GB+5Mbps | C125: 무제한 | D125: 무제한 | E125: 월 100GB + 5Mbps | F125: LG U+ | G125: LTE | H125: 8500 | I125: 7 | J125: 48400 | K125: {=_xlfn.XLOOKUP(1,(참조!$B$2:$B$15=E125)*(참조!$D$2:$D$15=C125)*(참조!$E$2:$E$15=D125),참조!$C$2:$C$15,"")}
...

Sheet 페이백 미포함
A1: 사업자 | B1: 요금제 | C1: 통화제공량 | D1: 문자제공량 | E1: 데이터 제공량 | F1: 망정보 | G1: LTE/5G 구분 | H1: 월 요금 | I1: 할인 기간 | J1: 기간 이후 요금 | K1: 요금구분
A2: U+유모바일 | B2: [평생할인] 5G 15GB+/300분 | C2: 300분 | D2: 300건 | E2: 월 15GB + 1Mbps | F2: LG U+ | G2: 5G | H2: 16900 | K2: {=_xlfn.XLOOKUP(1,(참조!$B$2:$B$15=E2)*(참조!$D$2:$D$15=C2)*(참조!$E$2:$E$15=D2),참조!$C$2:$C$15,"")}
A3: 이지모바일 | B3: EG 무제한 100GB+5M(밀리의 서재) | C3: 무제한 | D3: 무제한 | E3: 월 100GB + 5Mbps | F3: KT | G3: LTE | H3: 6900 | I3: 6 | J3: 44000 | K3: {=_xlfn.XLOOKUP(1,(참조!$B$2:$B$15=E3)*(참조!$D$2:$D$15=C3)*(참조!$E$2:$E$15=D3),참조!$C$2:$C$15,"")}
A4: 인스모바일 | B4: 인스 유심 스피드(5G) 125GB+ | C4: 무제한 | D4: 무제한 | E4: 월 125GB + 5Mbps | F4: LG U+ | G4: 5G | H4: 4400 | I4: 7 | J4: 57090 | K4: {=_xlfn.XLOOKUP(1,(참조!$B$2:$B$15=E4)*(참조!$D$2:$D$15=C4)*(참조!$E$2:$E$15=D4),참조!$C$2:$C$15,"")}
A5: 마블링 | B5: [모요only] 마블링 프라임 11GB+매일2GB+3Mbps | C5: 무제한 | D5: 무제한 | E5: 월 11GB + 매일 2GB + 3Mbps | F5: LG U+ | G5: LTE | H5: 4500 | I5: 7 | J5: 38900 | K5: {=_xlfn.XLOOKUP(1,(참조!$B$2:$B$15=E5)*(참조!$D$2:$D$15=C5)*(참조!$E$2:$E$15=D5),참조!$C$2:$C$15,"")}
A6: 쉐이크모바일 | B6: [모요only] 쉐이크 5G 110GB+_네이버페이 매 월 5,000원 | C6: 무제한 | D6: 무제한 | E6: 월 110GB + 5Mbps | F6: KT | G6: 5G | H6: 9900 | I6: 7 | J6: 55000 | K6: {=_xlfn.XLOOKUP(1,(참조!$B$2:$B$15=E6)*(참조!$D$2:$D$15=C6)*(참조!$E$2:$E$15=D6),참조!$C$2:$C$15,"")}
A7: 인스모바일 | B7: 인스 유심 스트롱 11GB+ | C7: 무제한 | D7: 무제한 | E7: 월 11GB + 매일 2GB + 3Mbps | F7: LG U+ | G7: LTE | H7: 4490 | I7: 7 | J7: 39000 | K7: {=_xlfn.XLOOKUP(1,(참조!$B$2:$B$15=E7)*(참조!$D$2:$D$15=C7)*(참조!$E$2:$E$15=D7),참조!$C$2:$C$15,"")}
A8: 더원모바일 | B8: TOP 100GB 기본 (네이버페이) | C8: 무제한 | D8: 무제한 | E8: 월 100GB + 5Mbps | F8: KT | G8: LTE | H8: 22990 | I8: 12 | J8: 46200 | K8: {=_xlfn.XLOOKUP(1,(참조!$B$2:$B$15=E8)*(참조!$D$2:$D$15=C8)*(참조!$E$2:$E$15=D8),참조!$C$2:$C$15,"")}
A9: 쉐이크모바일 | B9: [모요only] 쉐이크 5G 110GB+_밀리의서재 | C9: 무제한 | D9: 무제한 | E9: 월 110GB + 5Mbps | F9: KT | G9: 5G | H9: 4900 | I9: 6 | J9: 48400 | K9: {=_xlfn.XLOOKUP(1,(참조!$B$2:$B$15=E9)*(참조!$D$2:$D$15=C9)*(참조!$E$2:$E$15=D9),참조!$C$2:$C$15,"")}
A10: 쉐이크모바일 | B10: [모요only] 쉐이크only LTE 100GB+밀리의서재 | C10: 무제한 | D10: 무제한 | E10: 월 100GB + 5Mbps | F10: KT | G10: LTE | H10: 7900 | I10: 7 | J10: 45100 | K10: {=_xlfn.XLOOKUP(1,(참조!$B$2:$B$15=E10)*(참조!$D$2:$D$15=C10)*(참조!$E$2:$E$15=D10),참조!$C$2:$C$15,"")}
A11: 모나 | B11: 모나210분4.5G | C11: 210분 | D11: 100건 | E11: 월 4.5GB | F11: LG U+ | G11: LTE | H11: 10 | I11: 18 | J11: 20900 | K11: {=_xlfn.XLOOKUP(1,(참조!$B$2:$B$15=E11)*(참조!$D$2:$D$15=C11)*(참조!$E$2:$E$15=D11),참조!$C$2:$C$15,"")}
A12: KG모바일 | B12: [일반] 데이터 마음대로 (4.5GB+/100분)_12개월 | C12: 100분 | D12: 100건 | E12: 월 4.5GB + 1Mbps | F12: LG U+ | G12: LTE | H12: 100 | I12: 12 | J12: 16800 | K12: {=_xlfn.XLOOKUP(1,(참조!$B$2:$B$15=E12)*(참조!$D$2:$D$15=C12)*(참조!$E$2:$E$15=D12),참조!$C$2:$C$15,"")}
A13: 찬스모바일 | B13: 음성기본 5GB+ | C13: 무제한 | D13: 무제한 | E13: 월 5GB + 1Mbps | F13: LG U+ | G13: LTE | H13: 10 | I13: 6 | J13: 16500 | K13: {=_xlfn.XLOOKUP(1,(참조!$B$2:$B$15=E13)*(참조!$D$2:$D$15=C13)*(참조!$E$2:$E$15=D13),참조!$C$2:$C$15,"")}
A14: 찬스모바일 | B14: 5G 음성기본 125GB+5Mbps | C14: 무제한 | D14: 무제한 | E14: 월 125GB + 5Mbps | F14: LG U+ | G14: 5G | H14: 7800 | I14: 7 | J14: 50600 | K14: {=_xlfn.XLOOKUP(1,(참조!$B$2:$B$15=E14)*(참조!$D$2:$D$15=C14)*(참조!$E$2:$E$15=D14),참조!$C$2:$C$15,"")}
... A26: 더원모바일 | B26: TOP 11GB 기본 (밀리의서재) | C26: 무제한 | D26: 무제한 | E26: 월 11GB + 매일 2GB + 3Mbps | F26: KT | G26: LTE | H26: 16500 | I26: 12 | J26: 38500 | K26: {=_xlfn.XLOOKUP(1,(참조!$B$2:$B$15=E26)*(참조!$D$2:$D$15=C26)*(참조!$E$2:$E$15=D26),참조!$C$2:$C$15,"")}
A27: KT스카이라이프 | B27: 슬림 1GB/100분 | C27: 100분 | D27: 100건 | E27: 월 1GB | F27: KT | G27: LTE | H27: 2900 | K27: {=_xlfn.XLOOKUP(1,(참조!$B$2:$B$15=E27)*(참조!$D$2:$D$15=C27)*(참조!$E$2:$E$15=D27),참조!$C$2:$C$15,"")}
A28: 모나 | B28: 5G_모나300분15G | C28: 300분 | D28: 300건 | E28: 월 15GB | F28: LG U+ | G28: 5G | H28: 10 | I28: 6 | J28: 36300 | K28: {=_xlfn.XLOOKUP(1,(참조!$B$2:$B$15=E28)*(참조!$D$2:$D$15=C28)*(참조!$E$2:$E$15=D28),참조!$C$2:$C$15,"")}
A29: 고고모바일 | B29: [모요only] 5G 200분/20GB | C29: 200분 | D29: 100건 | E29: 월 20GB | F29: KT | G29: 5G | H29: 100 | I29: 7 | J29: 29700 | K29: {=_xlfn.XLOOKUP(1,(참조!$B$2:$B$15=E29)*(참조!$D$2:$D$15=C29)*(참조!$E$2:$E$15=D29),참조!$C$2:$C$15,"")}
A30: LG헬로모바일 | B30: 슬림 유심 500MB 50분 | C30: 50분 | D30: 50건 | E30: 월 500MB | F30: LG U+ | G30: LTE | H30: 1700 | K30: {=_xlfn.XLOOKUP(1,(참조!$B$2:$B$15=E30)*(참조!$D$2:$D$15=C30)*(참조!$E$2:$E$15=D30),참조!$C$2:$C$15,"")}
A31: KG모바일 | B31: [일반] 통화, 데이터 마음대로 (5GB+) | C31: 무제한 | D31: 무제한 | E31: 월 5GB + 1Mbps | F31: LG U+ | G31: LTE | H31: 10 | I31: 6 | J31: 19300 | K31: {=_xlfn.XLOOKUP(1,(참조!$B$2:$B$15=E31)*(참조!$D$2:$D$15=C31)*(참조!$E$2:$E$15=D31),참조!$C$2:$C$15,"")}
A32: 더원모바일 | B32: TOP 11GB 기본 (밀리의서재) | C32: 무제한 | D32: 무제한 | E32: 월 11GB + 매일 2GB + 3Mbps | F32: KT | G32: LTE | H32: 7700 | I32: 7 | J32: 38500 | K32: {=_xlfn.XLOOKUP(1,(참조!$B$2:$B$15=E32)*(참조!$D$2:$D$15=C32)*(참조!$E$2:$E$15=D32),참조!$C$2:$C$15,"")}
A33: 이지모바일 | B33: 이지 데이터 7GB | C33: 300분 | D33: 100건 | E33: 월 7GB | F33: LG U+ | G33: LTE | H33: 10 | I33: 6 | J33: 17050 | K33: {=_xlfn.XLOOKUP(1,(참조!$B$2:$B$15=E33)*(참조!$D$2:$D$15=C33)*(참조!$E$2:$E$15=D33),참조!$C$2:$C$15,"")}
A34: 이지모바일 | B34: [선착순 특가]EG 7무제한 7G+1(매월10GB+밀리의 서재) | C34: 무제한 | D34: 무제한 | E34: 월 7GB + 1Mbps | F34: KT | G34: LTE | H34: 100 | I34: 7 | J34: 22000 | K34: {=_xlfn.XLOOKUP(1,(참조!$B$2:$B$15=E34)*(참조!$D$2:$D$15=C34)*(참조!$E$2:$E$15=D34),참조!$C$2:$C$15,"")}
A35: 더원모바일 | B35: TOP 100GB 기본 (밀리의서재) | C35: 무제한 | D35: 무제한 | E35: 월 100GB + 5Mbps | F35: KT | G35: LTE | H35: 20900 | I35: 12 | J35: 46200 | K35: {=_xlfn.XLOOKUP(1,(참조!$B$2:$B$15=E35)*(참조!$D$2:$D$15=C35)*(참조!$E$2:$E$15=D35),참조!$C$2:$C$15,"")}
A36: 모나 | B36: 모나400분4.5G | C36: 400분 | D36: 200건 | E36: 월 4.5GB | F36: LG U+ | G36: LTE | H36: 10 | I36: 12 | J36: 25300 | K36: {=_xlfn.XLOOKUP(1,(참조!$B$2:$B$15=E36)*(참조!$D$2:$D$15=C36)*(참조!$E$2:$E$15=D36),참조!$C$2:$C$15,"")}
A37: 티플러스 | B37: 가성비플러스(15GB/350분) | C37: 350분 | D37: 100건 | E37: 월 15GB | F37: KT | G37: LTE | H37: 10 | I37: 7 | J37: 22000 | K37: {=_xlfn.XLOOKUP(1,(참조!$B$2:$B$15=E37)*(참조!$D$2:$D$15=C37)*(참조!$E$2:$E$15=D37),참조!$C$2:$C$15,"")}
A38: 티플러스 | B38: 5G 가성비플러스(15GB/350분)_평생요금 | C38: 350분 | D38: 100건 | E38: 월 15GB | F38: KT | G38: 5G | H38: 7500 | K38: {=_xlfn.XLOOKUP(1,(참조!$B$2:$B$15=E38)*(참조!$D$2:$D$15=C38)*(참조!$E$2:$E$15=D38),참조!$C$2:$C$15,"")}
A39: 고고모바일 | B39: [모요only] 고고딜 무제한 100GB+5M(Npay 5000P)_12개월 | C39: 무제한 | D39: 무제한 | E39: 월 100GB + 5Mbps | F39: KT | G39: LTE | H39: 24000 | I39: 12 | J39: 48400 | K39: {=_xlfn.XLOOKUP(1,(참조!$B$2:$B$15=E39)*(참조!$D$2:$D$15=C39)*(참조!$E$2:$E$15=D39),참조!$C$2:$C$15,"")}
A40: 고고모바일 | B40: [모요only] 5G 200분/10GB | C40: 200분 | D40: 100건 | E40: 월 10GB | F40: KT | G40: 5G | H40: 10 | I40: 7 | J40: 18700 | K40: {=_xlfn.XLOOKUP(1,(참조!$B$2:$B$15=E40)*(참조!$D$2:$D$15=C40)*(참조!$E$2:$E$15=D40),참조!$C$2:$C$15,"")}
A41: 티플러스 | B41: KT 100GB+ (CU 매월 20%+올리브영 매월 5천원 상품권!) | C41: 무제한 | D41: 무제한 | E41: 월 100GB + 5Mbps | F41: KT | G41: LTE | H41: 8900 | I41: 7 | J41: 48400 | K41: {=_xlfn.XLOOKUP(1,(참조!$B$2:$B$15=E41)*(참조!$D$2:$D$15=C41)*(참조!$E$2:$E$15=D41),참조!$C$2:$C$15,"")}
A42: 핀다이렉트 | B42: [L] DIGITAL DETOX 7GB 챌린지 | C42: 100분 | D42: 100건 | E42: 월 7GB | F42: LG U+ | G42: LTE | H42: 10 | I42: 12 | J42: 17600 | K42: {=_xlfn.XLOOKUP(1,(참조!$B$2:$B$15=E42)*(참조!$D$2:$D$15=C42)*(참조!$E$2:$E$15=D42),참조!$C$2:$C$15,"")}
A43: 이지모바일 | B43: [5G]EG 무제한 110G+5 | C43: 무제한 | D43: 무제한 | E43: 월 110GB + 5Mbps | F43: KT | G43: 5G | H43: 9800 | I43: 6 | J43: 51700 | K43: {=_xlfn.XLOOKUP(1,(참조!$B$2:$B$15=E43)*(참조!$D$2:$D$15=C43)*(참조!$E$2:$E$15=D43),참조!$C$2:$C$15,"")}
A44: 찬스모바일 | B44: [5G] 100분5G | C44: 100분 | D44: 50건 | E44: 월 5GB | F44: LG U+ | G44: 5G | H44: 10 | I44: 6 | J44: 7700 | K44: {=_xlfn.XLOOKUP(1,(참조!$B$2:$B$15=E44)*(참조!$D$2:$D$15=C44)*(참조!$E$2:$E$15=D44),참조!$C$2:$C$15,"")}
A45: 고고모바일 | B45: [모요only] LTE 200분/ 10GB | C45: 200분 | D45: 100건 | E45: 월 10GB | F45: KT | G45: LTE | H45: 10 | I45: 7 | J45: 18480 | K45: {=_xlfn.XLOOKUP(1,(참조!$B$2:$B$15=E45)*(참조!$D$2:$D$15=C45)*(참조!$E$2:$E$15=D45),참조!$C$2:$C$15,"")}
A46: 이야기모바일 | B46: 요금걱정 제로 이야기 4.5GB+ | C46: 무제한 | D46: 무제한 | E46: 월 4.5GB + 1Mbps | F46: LG U+ | G46: LTE | H46: 990 | I46: 12 | J46: 9900 | K46: {=_xlfn.XLOOKUP(1,(참조!$B$2:$B$15=E46)*(참조!$D$2:$D$15=C46)*(참조!$E$2:$E$15=D46),참조!$C$2:$C$15,"")}
A47: 찬스모바일 | B47: [CHM] 음성 100분 6GB | C47: 100분 | D47: 100건 | E47: 월 6GB | F47: LG U+ | G47: LTE | H47: 10 | I47: 6 | J47: 3850 | K47: {=_xlfn.XLOOKUP(1,(참조!$B$2:$B$15=E47)*(참조!$D$2:$D$15=C47)*(참조!$E$2:$E$15=D47),참조!$C$2:$C$15,"")}
A48: 모나 | B48: 모나300분11G | C48: 300분 | D48: 200건 | E48: 월 11GB | F48: LG U+ | G48: LTE | H48: 10 | I48: 7 | J48: 33000 | K48: {=_xlfn.XLOOKUP(1,(참조!$B$2:$B$15=E48)*(참조!$D$2:$D$15=C48)*(참조!$E$2:$E$15=D48),참조!$C$2:$C$15,"")}
A49: 티플러스 | B49: 가성비플러스(6GB/350분)_평생요금 | C49: 350분 | D49: 100건 | E49: 월 6GB | F49: KT | G49: LTE | H49: 1900 | K49: {=_xlfn.XLOOKUP(1,(참조!$B$2:$B$15=E49)*(참조!$D$2:$D$15=C49)*(참조!$E$2:$E$15=D49),참조!$C$2:$C$15,"")}
A50: 티플러스 | B50: 가성비플러스(5GB/350분) | C50: 350분 | D50: 100건 | E50: 월 5GB | F50: KT | G50: LTE | H50: 10 | I50: 6 | J50: 8800 | K50: {=_xlfn.XLOOKUP(1,(참조!$B$2:$B$15=E50)*(참조!$D$2:$D$15=C50)*(참조!$E$2:$E$15=D50),참조!$C$2:$C$15,"")}
A51: 티플러스 | B51: 가성비플러스(10GB/350분) | C51: 350분 | D51: 100건 | E51: 월 10GB | F51: KT | G51: LTE | H51: 10 | I51: 7 | J51: 15400 | K51: {=_xlfn.XLOOKUP(1,(참조!$B$2:$B$15=E51)*(참조!$D$2:$D$15=C51)*(참조!$E$2:$E$15=D51),참조!$C$2:$C$15,"")}
A52: 이지모바일 | B52: 이지 데이터 10GB | C52: 300분 | D52: 100건 | E52: 월 10GB | F52: LG U+ | G52: LTE | H52: 10 | I52: 6 | J52: 19800 | K52: {=_xlfn.XLOOKUP(1,(참조!$B$2:$B$15=E52)*(참조!$D$2:$D$15=C52)*(참조!$E$2:$E$15=D52),참조!$C$2:$C$15,"")}
A53: 더원모바일 | B53: TOP 11GB 기본 (네이버페이) | C53: 무제한 | D53: 무제한 | E53: 월 11GB + 매일 2GB + 3Mbps | F53: KT | G53: LTE | H53: 18700 | I53: 12 | J53: 40700 | K53: {=_xlfn.XLOOKUP(1,(참조!$B$2:$B$15=E53)*(참조!$D$2:$D$15=C53)*(참조!$E$2:$E$15=D53),참조!$C$2:$C$15,"")}
A54: KG모바일 | B54: [평생할인] 데이터 마음대로 (10GB+/300분) | C54: 300분 | D54: 100건 | E54: 월 10GB + 1Mbps | F54: LG U+ | G54: LTE | H54: 5900 | K54: {=_xlfn.XLOOKUP(1,(참조!$B$2:$B$15=E54)*(참조!$D$2:$D$15=C54)*(참조!$E$2:$E$15=D54),참조!$C$2:$C$15,"")}
A55: 고고모바일 | B55: [모요only] 고고딜 무제한 11GB+3M(Npay 5000P)_12개월 | C55: 무제한 | D55: 무제한 | E55: 월 11GB + 매일 2GB + 3Mbps | F55: KT | G55: LTE | H55: 22000 | I55: 12 | J55: 39600 | K55: {=_xlfn.XLOOKUP(1,(참조!$B$2:$B$15=E55)*(참조!$D$2:$D$15=C55)*(참조!$E$2:$E$15=D55),참조!$C$2:$C$15,"")}
A56: 티플러스 | B56: 5G 가성비플러스(5GB/350분) | C56: 350분 | D56: 100건 | E56: 월 5GB | F56: KT | G56: 5G | H56: 10 | I56: 6 | J56: 8800 | K56: {=_xlfn.XLOOKUP(1,(참조!$B$2:$B$15=E56)*(참조!$D$2:$D$15=C56)*(참조!$E$2:$E$15=D56),참조!$C$2:$C$15,"")}
A57: 핀다이렉트 | B57: [L] 핀다이렉트 Speed 10GB/200분 | C57: 200분 | D57: 100건 | E57: 월 10GB | F57: LG U+ | G57: 5G | H57: 10 | I57: 7 | J57: 9900 | K57: {=_xlfn.XLOOKUP(1,(참조!$B$2:$B$15=E57)*(참조!$D$2:$D$15=C57)*(참조!$E$2:$E$15=D57),참조!$C$2:$C$15,"")}
A58: 더원모바일 | B58: TOP 11GB 기본 (CU할인) | C58: 무제한 | D58: 무제한 | E58: 월 11GB + 매일 2GB + 3Mbps | F58: KT | G58: LTE | H58: 16500 | I58: 12 | J58: 38500 | K58: {=_xlfn.XLOOKUP(1,(참조!$B$2:$B$15=E58)*(참조!$D$2:$D$15=C58)*(참조!$E$2:$E$15=D58),참조!$C$2:$C$15,"")}
A59: 더원모바일 | B59: TOP 15GB 100분 (밀리의서재) | C59: 100분 | D59: 100건 | E59: 월 15GB + 3Mbps | F59: KT | G59: LTE | H59: 12100 | I59: 12 | J59: 33000 | K59: {=_xlfn.XLOOKUP(1,(참조!$B$2:$B$15=E59)*(참조!$D$2:$D$15=C59)*(참조!$E$2:$E$15=D59),참조!$C$2:$C$15,"")}
A60: 이야기모바일 | B60: 이야기 6GB 100분 | C60: 100분 | D60: 100건 | E60: 월 6GB | F60: LG U+ | G60: LTE | H60: 10 | I60: 6 | J60: 5500 | K60: {=_xlfn.XLOOKUP(1,(참조!$B$2:$B$15=E60)*(참조!$D$2:$D$15=C60)*(참조!$E$2:$E$15=D60),참조!$C$2:$C$15,"")}
A61: 더원모바일 | B61: TOP 5G 110GB 기본 (밀리의서재) | C61: 무제한 | D61: 무제한 | E61: 월 110GB + 5Mbps | F61: KT | G61: 5G | H61: 24200 | I61: 12 | J61: 47300 | K61: {=_xlfn.XLOOKUP(1,(참조!$B$2:$B$15=E61)*(참조!$D$2:$D$15=C61)*(참조!$E$2:$E$15=D61),참조!$C$2:$C$15,"")}
A62: 모나 | B62: 모나기본5G안심1 | C62: 무제한 | D62: 무제한 | E62: 월 5GB + 1Mbps | F62: LG U+ | G62: LTE | H62: 10 | I62: 6 | J62: 33000 | K62: {=_xlfn.XLOOKUP(1,(참조!$B$2:$B$15=E62)*(참조!$D$2:$D$15=C62)*(참조!$E$2:$E$15=D62),참조!$C$2:$C$15,"")}
A63: 찬스모바일 | B63: [CHM] 알찬 실속 데이터7G | C63: 250분 | D63: 100건 | E63: 월 7GB | F63: LG U+ | G63: LTE | H63: 10 | I63: 6 | J63: 12100 | K63: {=_xlfn.XLOOKUP(1,(참조!$B$2:$B$15=E63)*(참조!$D$2:$D$15=C63)*(참조!$E$2:$E$15=D63),참조!$C$2:$C$15,"")}
A64: 고고모바일 | B64: [모요only] 5G 200분/12GB | C64: 200분 | D64: 100건 | E64: 월 12GB | F64: KT | G64: 5G | H64: 10 | I64: 7 | J64: 22000 | K64: {=_xlfn.XLOOKUP(1,(참조!$B$2:$B$15=E64)*(참조!$D$2:$D$15=C64)*(참조!$E$2:$E$15=D64),참조!$C$2:$C$15,"")}
A65: 더원모바일 | B65: TOP 15GB 기본 (밀리의서재) | C65: 무제한 | D65: 무제한 | E65: 월 15GB + 1Mbps | F65: KT | G65: LTE | H65: 11000 | I65: 12 | J65: 29700 | K65: {=_xlfn.XLOOKUP(1,(참조!$B$2:$B$15=E65)*(참조!$D$2:$D$15=C65)*(참조!$E$2:$E$15=D65),참조!$C$2:$C$15,"")}
A66: 더원모바일 | B66: TOP 100GB 기본 (CU할인) | C66: 무제한 | D66: 무제한 | E66: 월 100GB + 5Mbps | F66: KT | G66: LTE | H66: 20900 | I66: 12 | J66: 46200 | K66: {=_xlfn.XLOOKUP(1,(참조!$B$2:$B$15=E66)*(참조!$D$2:$D$15=C66)*(참조!$E$2:$E$15=D66),참조!$C$2:$C$15,"")}
A67: U+유모바일 | B67: [평생할인] 5G 15GB+/300분 | C67: 300분 | D67: 300건 | E67: 월 15GB + 1Mbps | F67: LG U+ | G67: 5G | H67: 16900 | K67: {=_xlfn.XLOOKUP(1,(참조!$B$2:$B$15=E67)*(참조!$D$2:$D$15=C67)*(참조!$E$2:$E$15=D67),참조!$C$2:$C$15,"")}
A68: 슈가모바일 | B68: Sugar 통화마음대로 5GB+ | C68: 무제한 | D68: 무제한 | E68: 월 5GB + 1Mbps | F68: LG U+ | G68: LTE | H68: 10 | I68: 6 | J68: 19500 | K68: {=_xlfn.XLOOKUP(1,(참조!$B$2:$B$15=E68)*(참조!$D$2:$D$15=C68)*(참조!$E$2:$E$15=D68),참조!$C$2:$C$15,"")}
A69: 쉐이크모바일 | B69: [모요only] 쉐이크 LTE 11GB+_네이버페이 매 월 5,000원 | C69: 무제한 | D69: 무제한 | E69: 월 11GB + 매일 2GB + 3Mbps | F69: KT | G69: LTE | H69: 9800 | I69: 7 | J69: 42900 | K69: {=_xlfn.XLOOKUP(1,(참조!$B$2:$B$15=E69)*(참조!$D$2:$D$15=C69)*(참조!$E$2:$E$15=D69),참조!$C$2:$C$15,"")}
A70: 이지모바일 | B70: 이지 오래쓰는 데이터 6G/200분 | C70: 200분 | D70: 100건 | E70: 월 6GB | F70: LG U+ | G70: LTE | H70: 880 | I70: 12 | J70: 14300 | K70: {=_xlfn.XLOOKUP(1,(참조!$B$2:$B$15=E70)*(참조!$D$2:$D$15=C70)*(참조!$E$2:$E$15=D70),참조!$C$2:$C$15,"")}
A71: 티플러스 | B71: 가성비플러스(20GB/350분)_평생요금 | C71: 350분 | D71: 100건 | E71: 월 20GB | F71: KT | G71: LTE | H71: 8900 | K71: {=_xlfn.XLOOKUP(1,(참조!$B$2:$B$15=E71)*(참조!$D$2:$D$15=C71)*(참조!$E$2:$E$15=D71),참조!$C$2:$C$15,"")}
A72: 이지모바일 | B72: EG 무제한 71G+3M | C72: 무제한 | D72: 무제한 | E72: 월 11GB + 매일 2GB + 3Mbps | F72: KT | G72: LTE | H72: 6700 | I72: 6 | J72: 37400 | K72: {=_xlfn.XLOOKUP(1,(참조!$B$2:$B$15=E72)*(참조!$D$2:$D$15=C72)*(참조!$E$2:$E$15=D72),참조!$C$2:$C$15,"")}
A73: 티플러스 | B73: 가성비플러스(6GB/350분) | C73: 350분 | D73: 100건 | E73: 월 6GB | F73: KT | G73: LTE | H73: 10 | I73: 6 | J73: 9900 | K73: {=_xlfn.XLOOKUP(1,(참조!$B$2:$B$15=E73)*(참조!$D$2:$D$15=C73)*(참조!$E$2:$E$15=D73),참조!$C$2:$C$15,"")}
A74: 핀다이렉트 | B74: [모요only] [K] 핀다이렉트 Speed 10GB/200분 | C74: 200분 | D74: 100건 | E74: 월 10GB | F74: KT | G74: 5G | H74: 10 | I74: 7 | J74: 9900 | K74: {=_xlfn.XLOOKUP(1,(참조!$B$2:$B$15=E74)*(참조!$D$2:$D$15=C74)*(참조!$E$2:$E$15=D74),참조!$C$2:$C$15,"")}
A75: 더원모바일 | B75: TOP 11GB 기본 (CU할인) | C75: 무제한 | D75: 무제한 | E75: 월 11GB + 매일 2GB + 3Mbps | F75: KT | G75: LTE | H75: 7700 | I75: 7 | J75: 38500 | K75: {=_xlfn.XLOOKUP(1,(참조!$B$2:$B$15=E75)*(참조!$D$2:$D$15=C75)*(참조!$E$2:$E$15=D75),참조!$C$2:$C$15,"")}
A76: KG모바일 | B76: [일반] 통화, 데이터 마음대로 (4.5GB+) | C76: 무제한 | D76: 무제한 | E76: 월 4.5GB + 1Mbps | F76: LG U+ | G76: LTE | H76: 10 | I76: 6 | J76: 18900 | K76: {=_xlfn.XLOOKUP(1,(참조!$B$2:$B$15=E76)*(참조!$D$2:$D$15=C76)*(참조!$E$2:$E$15=D76),참조!$C$2:$C$15,"")}
A77: 마블링 | B77: [모요only] 마블링 무제한 100GB+ | C77: 무제한 | D77: 무제한 | E77: 월 100GB + 5Mbps | F77: LG U+ | G77: LTE | H77: 24209 | I77: 12 | J77: 47930 | K77: {=_xlfn.XLOOKUP(1,(참조!$B$2:$B$15=E77)*(참조!$D$2:$D$15=C77)*(참조!$E$2:$E$15=D77),참조!$C$2:$C$15,"")}
A78: 더원모바일 | B78: TOP 11GB 기본 (쿠팡캐시) | C78: 무제한 | D78: 무제한 | E78: 월 11GB + 매일 2GB + 3Mbps | F78: KT | G78: LTE | H78: 18700 | I78: 12 | J78: 40700 | K78: {=_xlfn.XLOOKUP(1,(참조!$B$2:$B$15=E78)*(참조!$D$2:$D$15=C78)*(참조!$E$2:$E$15=D78),참조!$C$2:$C$15,"")}
A79: 티플러스 | B79: KT 11GB+ (밀리의서재+올리브영 매월 5천원 상품권!) | C79: 무제한 | D79: 무제한 | E79: 월 11GB + 매일 2GB + 3Mbps | F79: KT | G79: LTE | H79: 7900 | I79: 7 | J79: 45100 | K79: {=_xlfn.XLOOKUP(1,(참조!$B$2:$B$15=E79)*(참조!$D$2:$D$15=C79)*(참조!$E$2:$E$15=D79),참조!$C$2:$C$15,"")}
A80: 이야기모바일 | B80: 이야기 폰케어 71GB+ | C80: 무제한 | D80: 무제한 | E80: 월 11GB + 매일 2GB + 3Mbps | F80: LG U+ | G80: LTE | H80: 23000 | I80: 24 | J80: 39600 | K80: {=_xlfn.XLOOKUP(1,(참조!$B$2:$B$15=E80)*(참조!$D$2:$D$15=C80)*(참조!$E$2:$E$15=D80),참조!$C$2:$C$15,"")}
A81: KG모바일 | B81: [모요 전용] 통화, 데이터 마음대로 100GB+ | C81: 무제한 | D81: 무제한 | E81: 월 100GB + 5Mbps | F81: LG U+ | G81: LTE | H81: 9900 | I81: 7 | J81: 41900 | K81: {=_xlfn.XLOOKUP(1,(참조!$B$2:$B$15=E81)*(참조!$D$2:$D$15=C81)*(참조!$E$2:$E$15=D81),참조!$C$2:$C$15,"")}
A82: KT스카이라이프 | B82: 통화 충분 15GB | C82: 무제한 | D82: 무제한 | E82: 월 15GB | F82: KT | G82: LTE | H82: 16900 | K82: {=_xlfn.XLOOKUP(1,(참조!$B$2:$B$15=E82)*(참조!$D$2:$D$15=C82)*(참조!$E$2:$E$15=D82),참조!$C$2:$C$15,"")}
A83: LG헬로모바일 | B83: 슬림 유심 1GB 100분 | C83: 100분 | D83: 50건 | E83: 월 1GB | F83: LG U+ | G83: LTE | H83: 2700 | K83: {=_xlfn.XLOOKUP(1,(참조!$B$2:$B$15=E83)*(참조!$D$2:$D$15=C83)*(참조!$E$2:$E$15=D83),참조!$C$2:$C$15,"")}
A84: 찬스모바일 | B84: 음성기본 4.5GB+ | C84: 무제한 | D84: 무제한 | E84: 월 4.5GB + 1Mbps | F84: LG U+ | G84: LTE | H84: 10 | I84: 6 | J84: 16390 | K84: {=_xlfn.XLOOKUP(1,(참조!$B$2:$B$15=E84)*(참조!$D$2:$D$15=C84)*(참조!$E$2:$E$15=D84),참조!$C$2:$C$15,"")}
A85: 더원모바일 | B85: TOP 100GB 기본 (다이소) | C85: 무제한 | D85: 무제한 | E85: 월 100GB + 5Mbps | F85: KT | G85: LTE | H85: 22990 | I85: 12 | J85: 46200 | K85: {=_xlfn.XLOOKUP(1,(참조!$B$2:$B$15=E85)*(참조!$D$2:$D$15=C85)*(참조!$E$2:$E$15=D85),참조!$C$2:$C$15,"")}
A86: 티플러스 | B86: 완전마음껏 100GB＋＋(CU 20%)_12개월할인 | C86: 무제한 | D86: 무제한 | E86: 월 100GB + 5Mbps | F86: KT | G86: LTE | H86: 21900 | I86: 12 | J86: 48400 | K86: {=_xlfn.XLOOKUP(1,(참조!$B$2:$B$15=E86)*(참조!$D$2:$D$15=C86)*(참조!$E$2:$E$15=D86),참조!$C$2:$C$15,"")}
A87: U+유모바일 | B87: 데이터 플러스 7GB(평생+10GB 추가 제공 프로모션) | C87: 무제한 | D87: 무제한 | E87: 월 17GB + 1Mbps | F87: LG U+ | G87: LTE | H87: 17500 | K87: {=_xlfn.XLOOKUP(1,(참조!$B$2:$B$15=E87)*(참조!$D$2:$D$15=C87)*(참조!$E$2:$E$15=D87),참조!$C$2:$C$15,"")}
A88: KT엠모바일 | B88: 통화 맘껏 15GB | C88: 무제한 | D88: 무제한 | E88: 월 15GB | F88: KT | G88: LTE | H88: 12400 | K88: {=_xlfn.XLOOKUP(1,(참조!$B$2:$B$15=E88)*(참조!$D$2:$D$15=C88)*(참조!$E$2:$E$15=D88),참조!$C$2:$C$15,"")}
A89: 이지모바일 | B89: 이지 데이터 6G | C89: 200분 | D89: 100건 | E89: 월 6GB | F89: LG U+ | G89: LTE | H89: 10 | I89: 6 | J89: 14300 | K89: {=_xlfn.XLOOKUP(1,(참조!$B$2:$B$15=E89)*(참조!$D$2:$D$15=C89)*(참조!$E$2:$E$15=D89),참조!$C$2:$C$15,"")}
A90: KG모바일 | B90: [일반] 실속 5G 15GB+/300분 | C90: 300분 | D90: 300건 | E90: 월 15GB + 1Mbps | F90: LG U+ | G90: 5G | H90: 12000 | I90: 12 | J90: 25300 | K90: {=_xlfn.XLOOKUP(1,(참조!$B$2:$B$15=E90)*(참조!$D$2:$D$15=C90)*(참조!$E$2:$E$15=D90),참조!$C$2:$C$15,"")}
A91: 이지모바일 | B91: [선착순 특가]EG 7무제한 15G+1(매월10GB+CU할인) | C91: 무제한 | D91: 무제한 | E91: 월 15GB + 1Mbps | F91: KT | G91: LTE | H91: 4900 | I91: 7 | J91: 26950 | K91: {=_xlfn.XLOOKUP(1,(참조!$B$2:$B$15=E91)*(참조!$D$2:$D$15=C91)*(참조!$E$2:$E$15=D91),참조!$C$2:$C$15,"")}
A92: 티플러스 | B92: 완전마음껏 100GB＋＋(밀리의서재)_12개월할인 | C92: 무제한 | D92: 무제한 | E92: 월 100GB + 5Mbps | F92: KT | G92: LTE | H92: 21900 | I92: 12 | J92: 48400 | K92: {=_xlfn.XLOOKUP(1,(참조!$B$2:$B$15=E92)*(참조!$D$2:$D$15=C92)*(참조!$E$2:$E$15=D92),참조!$C$2:$C$15,"")}
A93: 슈가모바일 | B93: 5G Sugar 세이브+(300분/15GB) | C93: 300분 | D93: 300건 | E93: 월 15GB + 1Mbps | F93: LG U+ | G93: 5G | H93: 12900 | K93: {=_xlfn.XLOOKUP(1,(참조!$B$2:$B$15=E93)*(참조!$D$2:$D$15=C93)*(참조!$E$2:$E$15=D93),참조!$C$2:$C$15,"")}
A94: 티플러스 | B94: 가성비플러스(20GB/350분) | C94: 350분 | D94: 100건 | E94: 월 20GB | F94: KT | G94: LTE | H94: 900 | I94: 7 | J94: 29700 | K94: {=_xlfn.XLOOKUP(1,(참조!$B$2:$B$15=E94)*(참조!$D$2:$D$15=C94)*(참조!$E$2:$E$15=D94),참조!$C$2:$C$15,"")}
A95: U+유모바일 | B95: [평생할인] 15GB+/통화기본 | C95: 무제한 | D95: 무제한 | E95: 월 15GB + 1Mbps | F95: LG U+ | G95: LTE | H95: 20900 | K95: {=_xlfn.XLOOKUP(1,(참조!$B$2:$B$15=E95)*(참조!$D$2:$D$15=C95)*(참조!$E$2:$E$15=D95),참조!$C$2:$C$15,"")}
A96: 이야기모바일 | B96: 함께이야기해S(300분+15GB) | C96: 300분 | D96: 150건 | E96: 월 15GB | F96: SKT | G96: LTE | H96: 990 | I96: 12 | J96: 15400 | K96: {=_xlfn.XLOOKUP(1,(참조!$B$2:$B$15=E96)*(참조!$D$2:$D$15=C96)*(참조!$E$2:$E$15=D96),참조!$C$2:$C$15,"")}
A97: 쉐이크모바일 | B97: [모요only] 쉐이크핫딜 LTE 100GB+_모아진 전자 구독 | C97: 무제한 | D97: 무제한 | E97: 월 100GB + 5Mbps | F97: KT | G97: LTE | H97: 7900 | I97: 7 | J97: 45100 | K97: {=_xlfn.XLOOKUP(1,(참조!$B$2:$B$15=E97)*(참조!$D$2:$D$15=C97)*(참조!$E$2:$E$15=D97),참조!$C$2:$C$15,"")}
A98: 핀다이렉트 | B98: [모요only] [K] 핀다이렉트Z Max (100GB)(12) _PIN | C98: 무제한 | D98: 무제한 | E98: 월 100GB + 5Mbps | F98: KT | G98: LTE | H98: 22500 | I98: 12 | J98: 42900 | K98: {=_xlfn.XLOOKUP(1,(참조!$B$2:$B$15=E98)*(참조!$D$2:$D$15=C98)*(참조!$E$2:$E$15=D98),참조!$C$2:$C$15,"")}
A99: 티플러스 | B99: 가성비플러스(6GB/350분) | C99: 350분 | D99: 100건 | E99: 월 6GB | F99: LG U+ | G99: LTE | H99: 10 | I99: 12 | J99: 9900 | K99: {=_xlfn.XLOOKUP(1,(참조!$B$2:$B$15=E99)*(참조!$D$2:$D$15=C99)*(참조!$E$2:$E$15=D99),참조!$C$2:$C$15,"")}
A100: 인스모바일 | B100: [평생할인]실속 150분+1GB(USIM) | C100: 150분 | D100: 50건 | E100: 월 1GB | F100: LG U+ | G100: LTE | H100: 2530 | K100: {=_xlfn.XLOOKUP(1,(참조!$B$2:$B$15=E100)*(참조!$D$2:$D$15=C100)*(참조!$E$2:$E$15=D100),참조!$C$2:$C$15,"")}
A101: 인스모바일 | B101: 데이터 안심 10GB+(USIM) | C101: 100분 | D101: 100건 | E101: 월 10GB + 1Mbps | F101: LG U+ | G101: LTE | H101: 10 | I101: 6 | J101: 31900 | K101: {=_xlfn.XLOOKUP(1,(참조!$B$2:$B$15=E101)*(참조!$D$2:$D$15=C101)*(참조!$E$2:$E$15=D101),참조!$C$2:$C$15,"")}
A102: 슈가모바일 | B102: 5G 슈가X윌라 150G+ | C102: 무제한 | D102: 무제한 | E102: 월 150GB + 5Mbps | F102: LG U+ | G102: 5G | H102: 25500 | I102: 24 | J102: 57990 | K102: {=_xlfn.XLOOKUP(1,(참조!$B$2:$B$15=E102)*(참조!$D$2:$D$15=C102)*(참조!$E$2:$E$15=D102),참조!$C$2:$C$15,"")}
A103: 더원모바일 | B103: ONE 5G 30GB 기본 | C103: 무제한 | D103: 무제한 | E103: 월 30GB | F103: KT | G103: 5G | H103: 8030 | I103: 12 | J103: 39600 | K103: {=_xlfn.XLOOKUP(1,(참조!$B$2:$B$15=E103)*(참조!$D$2:$D$15=C103)*(참조!$E$2:$E$15=D103),참조!$C$2:$C$15,"")}
A104: KG모바일 | B104: [평생할인] 데이터 마음대로 (5GB+/100분) | C104: 100분 | D104: 100건 | E104: 월 5GB + 1Mbps | F104: LG U+ | G104: LTE | H104: 2900 | K104: {=_xlfn.XLOOKUP(1,(참조!$B$2:$B$15=E104)*(참조!$D$2:$D$15=C104)*(참조!$E$2:$E$15=D104),참조!$C$2:$C$15,"")}
A105: 인스모바일 | B105: 올프리 4.5GB+(USIM) | C105: 무제한 | D105: 무제한 | E105: 월 4.5GB + 1Mbps | F105: LG U+ | G105: LTE | H105: 10 | I105: 6 | J105: 22000 | K105: {=_xlfn.XLOOKUP(1,(참조!$B$2:$B$15=E105)*(참조!$D$2:$D$15=C105)*(참조!$E$2:$E$15=D105),참조!$C$2:$C$15,"")}
A106: 더원모바일 | B106: TOP 11GB 기본 (네이버페이) | C106: 무제한 | D106: 무제한 | E106: 월 11GB + 매일 2GB + 3Mbps | F106: KT | G106: LTE | H106: 9900 | I106: 7 | J106: 40700 | K106: {=_xlfn.XLOOKUP(1,(참조!$B$2:$B$15=E106)*(참조!$D$2:$D$15=C106)*(참조!$E$2:$E$15=D106),참조!$C$2:$C$15,"")}
A107: 티플러스 | B107: 5G 가성비플러스(30GB/350분)_12개월할인 | C107: 350분 | D107: 100건 | E107: 월 30GB | F107: KT | G107: 5G | H107: 10900 | I107: 12 | J107: 39600 | K107: {=_xlfn.XLOOKUP(1,(참조!$B$2:$B$15=E107)*(참조!$D$2:$D$15=C107)*(참조!$E$2:$E$15=D107),참조!$C$2:$C$15,"")}
A108: 티플러스 | B108: 5G 가성비플러스(10GB/350분) | C108: 350분 | D108: 100건 | E108: 월 10GB | F108: LG U+ | G108: 5G | H108: 10 | I108: 6 | J108: 15400 | K108: {=_xlfn.XLOOKUP(1,(참조!$B$2:$B$15=E108)*(참조!$D$2:$D$15=C108)*(참조!$E$2:$E$15=D108),참조!$C$2:$C$15,"")}
A109: 찬스모바일 | B109: 음성기본 11GB+일 2GB+ | C109: 무제한 | D109: 무제한 | E109: 월 11GB + 매일 2GB + 3Mbps | F109: LG U+ | G109: LTE | H109: 21698 | I109: 12 | J109: 39600 | K109: {=_xlfn.XLOOKUP(1,(참조!$B$2:$B$15=E109)*(참조!$D$2:$D$15=C109)*(참조!$E$2:$E$15=D109),참조!$C$2:$C$15,"")}
A110: 핀다이렉트 | B110: [모요only] [K] 핀다이렉트Z Max (100GB) _PIN | C110: 무제한 | D110: 무제한 | E110: 월 100GB + 5Mbps | F110: KT | G110: LTE | H110: 9900 | I110: 7 | J110: 42900 | K110: {=_xlfn.XLOOKUP(1,(참조!$B$2:$B$15=E110)*(참조!$D$2:$D$15=C110)*(참조!$E$2:$E$15=D110),참조!$C$2:$C$15,"")}
A111: 이야기모바일 | B111: 이야기 라이트 4.5GB+ | C111: 무제한 | D111: 무제한 | E111: 월 4.5GB + 1Mbps | F111: LG U+ | G111: LTE | H111: 10 | I111: 6 | J111: 18700 | K111: {=_xlfn.XLOOKUP(1,(참조!$B$2:$B$15=E111)*(참조!$D$2:$D$15=C111)*(참조!$E$2:$E$15=D111),참조!$C$2:$C$15,"")}
...

Sheet 가이드 위반
B2: ■RS요금제 가이드 위반
B3: 순번 | C3: 사업자 | D3: 요금제 명 | E3: 월 요금 | F3: 할인 기간 | G3: 기간 이후 요금
B17: ■RM요금제 가이드 위반
B18: 순번 | C18: 사업자 | D18: 요금제 명 | E18: 월 요금 | F18: 할인 기간 | G18: 기간 이후 요금

Sheet 전일 대비 변동
A1: 변동구분 | B1: 사업자 | C1: 요금제 | D1: 망정보 | E1: LTE/5G | F1: 전일 월요금 | G1: 금일 월요금 | H1: 전일 할인기간 | I1: 금일 할인기간 | J1: 전일 이후요금 | K1: 금일 이후요금
A2: 삭제 | B2: LG헬로모바일 | C2: DATA 걱정없는 유심 1GB | D2: LG U+ | E2: LTE | F2: 7500 | H2: 7 | J2: 11550
A3: 신규 | B3: U+유모바일 | C3: [평생할인] 5G 15GB+/300분 | D3: LG U+ | E3: 5G | G3: 16900

Sheet 요약 및 통계
A1: 모요 요금제 요약 및 통계
A2: 생성시각 | B2: 2026-10-24 21:43:16
A3: 기준 | B3: 페이백 미포함
A5: 전체 저장 행 | B5: 1986
A6: RS | B6: 956
A7: RM | B7: 0
A8: 미분류 | B8: 1030
A9: RS 가이드 위반 | B9: 0
A10: RM 가이드 위반 | B10: 0
A12: LG U+망 | B12: 885
A13: KT망 | B13: 707
A14: SKT망 | B14: 394
A15: 망정보 미확인 | B15: 0
A16: LTE | B16: 1540
A17: 5G | B17: 446
... A23: 기타 변경 | B23: 0

Sheet 모요 판가
AA1: 사업자 최저가
B2: ■모요 채널 요금제 판가 비교 자료 | AA2: 요금제 최저가
B3: 사업자 | C3: 망 | D3: 7G | G3: 15GB + 100분 | J3: 15GB + 300분 | M3: 11G | P3: 100GB | S3: 95GB | V3: 125GB | Y3: 150GB
D4: 월 요금 | E4: 할인 기간 | F4: 기간 이후 요금 | G4: 월 요금 | H4: 할인 기간 | I4: 기간 이후 요금 | J4: 월 요금 | K4: 할인 기간 | L4: 기간 이후 요금 | M4: 월 요금 | N4: 할인 기간 | O4: 기간 이후 요금 | P4: 월 요금 | Q4: 할인 기간 | R4: 기간 이후 요금 | S4: 월 요금 | T4: 할인 기간 | U4: 기간 이후 요금 | V4: 월 요금 | W4: 할인 기간 | X4: 기간 이후 요금 | Y4: 월 요금 | Z4: 할인 기간 | AA4: 기간 이후 요금
B5: 프리티 | C5: SK | D5: {=_xlfn.LET(_xlpm.d,'페이백 미포함'!$A$2:$K$2061,_xlpm.p,_xlfn.XLOOKUP($B5,참조!$K$2:$K$30,IF(참조!$L$2:$L$30<>"",참조!$L$2:$L$30,참조!$M$2:$M$30),""),_xlpm.n,IF(OR($C5="SK",$C5="SKT"),"SKT",$C5),_xlpm.k,SUBSTITUTE(D$3,"GB","G"),_xlpm.s,_xlfn.XLOOKUP(_xlpm.k,참조!$F$2:$F$15,참조!$B$2:$B$15,""),_xlpm.v,_xlfn.XLOOKUP(_xlpm.k,참조!$F$2:$F$15,참조!$D$2:$D$15,""),_xlpm.t,_xlfn.XLOOKUP(_xlpm.k,참조!$F$2:$F$15,참조!$E$2:$E$15,""),_xlpm.x,_xlfn._xlws.FILTER(_xlpm.d,(INDEX(_xlpm.d,,1)=_xlpm.p)*(INDEX(_xlpm.d,,3)=_xlpm.v)*(INDEX(_xlpm.d,,4)=_xlpm.t)*(INDEX(_xlpm.d,,5)=_xlpm.s)*(INDEX(_xlpm.d,,6)=_xlpm.n)*(INDEX(_xlpm.d,,11)="RS")),_xlpm.y,_xlfn.SORTBY(_xlpm.x,INDEX(_xlpm.x,,8),1,IF(INDEX(_xlpm.x,,9)="",1E+99,INDEX(_xlpm.x,,9)),-1,IF(INDEX(_xlpm.x,,10)="",0,INDEX(_xlpm.x,,10)),1),IFERROR(_xlfn.CHOOSECOLS(_xlfn.TAKE(_xlpm.y,1),8,9,10),""))} | G5: {=_xlfn.LET(_xlpm.d,'페이백 미포함'!$A$2:$K$2061,_xlpm.p,_xlfn.XLOOKUP($B5,참조!$K$2:$K$30,IF(참조!$L$2:$L$30<>"",참조!$L$2:$L$30,참조!$M$2:$M$30),""),_xlpm.n,IF(OR($C5="SK",$C5="SKT"),"SKT",$C5),_xlpm.k,SUBSTITUTE(G$3,"GB","G"),_xlpm.s,_xlfn.XLOOKUP(_xlpm.k,참조!$F$2:$F$15,참조!$B$2:$B$15,""),_xlpm.v,_xlfn.XLOOKUP(_xlpm.k,참조!$F$2:$F$15,참조!$D$2:$D$15,""),_xlpm.t,_xlfn.XLOOKUP(_xlpm.k,참조!$F$2:$F$15,참조!$E$2:$E$15,""),_xlpm.x,_xlfn._xlws.FILTER(_xlpm.d,(INDEX(_xlpm.d,,1)=_xlpm.p)*(INDEX(_xlpm.d,,3)=_xlpm.v)*(INDEX(_xlpm.d,,4)=_xlpm.t)*(INDEX(_xlpm.d,,5)=_xlpm.s)*(INDEX(_xlpm.d,,6)=_xlpm.n)*(INDEX(_xlpm.d,,11)="RS")),_xlpm.y,_xlfn.SORTBY(_xlpm.x,INDEX(_xlpm.x,,8),1,IF(INDEX(_xlpm.x,,9)="",1E+99,INDEX(_xlpm.x,,9)),-1,IF(INDEX(_xlpm.x,,10)="",0,INDEX(_xlpm.x,,10)),1),IFERROR(_xlfn.CHOOSECOLS(_xlfn.TAKE(_xlpm.y,1),8,9,10),""))} | H5: 12 | I5: 30800 | J5: {=_xlfn.LET(_xlpm.d,'페이백 미포함'!$A$2:$K$2061,_xlpm.p,_xlfn.XLOOKUP($B5,참조!$K$2:$K$30,IF(참조!$L$2:$L$30<>"",참조!$L$2:$L$30,참조!$M$2:$M$30),""),_xlpm.n,IF(OR($C5="SK",$C5="SKT"),"SKT",$C5),_xlpm.k,SUBSTITUTE(J$3,"GB","G"),_xlpm.s,_xlfn.XLOOKUP(_xlpm.k,참조!$F$2:$F$15,참조!$B$2:$B$15,""),_xlpm.v,_xlfn.XLOOKUP(_xlpm.k,참조!$F$2:$F$15,참조!$D$2:$D$15,""),_xlpm.t,_xlfn.XLOOKUP(_xlpm.k,참조!$F$2:$F$15,참조!$E$2:$E$15,""),_xlpm.x,_xlfn._xlws.FILTER(_xlpm.d,(INDEX(_xlpm.d,,1)=_xlpm.p)*(INDEX(_xlpm.d,,3)=_xlpm.v)*(INDEX(_xlpm.d,,4)=_xlpm.t)*(INDEX(_xlpm.d,,5)=_xlpm.s)*(INDEX(_xlpm.d,,6)=_xlpm.n)*(INDEX(_xlpm.d,,11)="RS")),_xlpm.y,_xlfn.SORTBY(_xlpm.x,INDEX(_xlpm.x,,8),1,IF(INDEX(_xlpm.x,,9)="",1E+99,INDEX(_xlpm.x,,9)),-1,IF(INDEX(_xlpm.x,,10)="",0,INDEX(_xlpm.x,,10)),1),IFERROR(_xlfn.CHOOSECOLS(_xlfn.TAKE(_xlpm.y,1),8,9,10),""))} | M5: {=_xlfn.LET(_xlpm.d,'페이백 미포함'!$A$2:$K$2061,_xlpm.p,_xlfn.XLOOKUP($B5,참조!$K$2:$K$30,IF(참조!$L$2:$L$30<>"",참조!$L$2:$L$30,참조!$M$2:$M$30),""),_xlpm.n,IF(OR($C5="SK",$C5="SKT"),"SKT",$C5),_xlpm.k,SUBSTITUTE(M$3,"GB","G"),_xlpm.s,_xlfn.XLOOKUP(_xlpm.k,참조!$F$2:$F$15,참조!$B$2:$B$15,""),_xlpm.v,_xlfn.XLOOKUP(_xlpm.k,참조!$F$2:$F$15,참조!$D$2:$D$15,""),_xlpm.t,_xlfn.XLOOKUP(_xlpm.k,참조!$F$2:$F$15,참조!$E$2:$E$15,""),_xlpm.x,_xlfn._xlws.FILTER(_xlpm.d,(INDEX(_xlpm.d,,1)=_xlpm.p)*(INDEX(_xlpm.d,,3)=_xlpm.v)*(INDEX(_xlpm.d,,4)=_xlpm.t)*(INDEX(_xlpm.d,,5)=_xlpm.s)*(INDEX(_xlpm.d,,6)=_xlpm.n)*(INDEX(_xlpm.d,,11)="RS")),_xlpm.y,_xlfn.SORTBY(_xlpm.x,INDEX(_xlpm.x,,8),1,IF(INDEX(_xlpm.x,,9)="",1E+99,INDEX(_xlpm.x,,9)),-1,IF(INDEX(_xlpm.x,,10)="",0,INDEX(_xlpm.x,,10)),1),IFERROR(_xlfn.CHOOSECOLS(_xlfn.TAKE(_xlpm.y,1),8,9,10),""))} | P5: {=_xlfn.LET(_xlpm.d,'페이백 미포함'!$A$2:$K$2061,_xlpm.p,_xlfn.XLOOKUP($B5,참조!$K$2:$K$30,IF(참조!$L$2:$L$30<>"",참조!$L$2:$L$30,참조!$M$2:$M$30),""),_xlpm.n,IF(OR($C5="SK",$C5="SKT"),"SKT",$C5),_xlpm.k,SUBSTITUTE(P$3,"GB","G"),_xlpm.s,_xlfn.XLOOKUP(_xlpm.k,참조!$F$2:$F$15,참조!$B$2:$B$15,""),_xlpm.v,_xlfn.XLOOKUP(_xlpm.k,참조!$F$2:$F$15,참조!$D$2:$D$15,""),_xlpm.t,_xlfn.XLOOKUP(_xlpm.k,참조!$F$2:$F$15,참조!$E$2:$E$15,""),_xlpm.x,_xlfn._xlws.FILTER(_xlpm.d,(INDEX(_xlpm.d,,1)=_xlpm.p)*(INDEX(_xlpm.d,,3)=_xlpm.v)*(INDEX(_xlpm.d,,4)=_xlpm.t)*(INDEX(_xlpm.d,,5)=_xlpm.s)*(INDEX(_xlpm.d,,6)=_xlpm.n)*(INDEX(_xlpm.d,,11)="RS")),_xlpm.y,_xlfn.SORTBY(_xlpm.x,INDEX(_xlpm.x,,8),1,IF(INDEX(_xlpm.x,,9)="",1E+99,INDEX(_xlpm.x,,9)),-1,IF(INDEX(_xlpm.x,,10)="",0,INDEX(_xlpm.x,,10)),1),IFERROR(_xlfn.CHOOSECOLS(_xlfn.TAKE(_xlpm.y,1),8,9,10),""))} | S5: {=_xlfn.LET(_xlpm.d,'페이백 미포함'!$A$2:$K$2061,_xlpm.p,_xlfn.XLOOKUP($B5,참조!$K$2:$K$30,IF(참조!$L$2:$L$30<>"",참조!$L$2:$L$30,참조!$M$2:$M$30),""),_xlpm.n,IF(OR($C5="SK",$C5="SKT"),"SKT",$C5),_xlpm.k,SUBSTITUTE(S$3,"GB","G"),_xlpm.s,_xlfn.XLOOKUP(_xlpm.k,참조!$F$2:$F$15,참조!$B$2:$B$15,""),_xlpm.v,_xlfn.XLOOKUP(_xlpm.k,참조!$F$2:$F$15,참조!$D$2:$D$15,""),_xlpm.t,_xlfn.XLOOKUP(_xlpm.k,참조!$F$2:$F$15,참조!$E$2:$E$15,""),_xlpm.x,_xlfn._xlws.FILTER(_xlpm.d,(INDEX(_xlpm.d,,1)=_xlpm.p)*(INDEX(_xlpm.d,,3)=_xlpm.v)*(INDEX(_xlpm.d,,4)=_xlpm.t)*(INDEX(_xlpm.d,,5)=_xlpm.s)*(INDEX(_xlpm.d,,6)=_xlpm.n)*(INDEX(_xlpm.d,,11)="RS")),_xlpm.y,_xlfn.SORTBY(_xlpm.x,INDEX(_xlpm.x,,8),1,IF(INDEX(_xlpm.x,,9)="",1E+99,INDEX(_xlpm.x,,9)),-1,IF(INDEX(_xlpm.x,,10)="",0,INDEX(_xlpm.x,,10)),1),IFERROR(_xlfn.CHOOSECOLS(_xlfn.TAKE(_xlpm.y,1),8,9,10),""))} | V5: {=_xlfn.LET(_xlpm.d,'페이백 미포함'!$A$2:$K$2061,_xlpm.p,_xlfn.XLOOKUP($B5,참조!$K$2:$K$30,IF(참조!$L$2:$L$30<>"",참조!$L$2:$L$30,참조!$M$2:$M$30),""),_xlpm.n,IF(OR($C5="SK",$C5="SKT"),"SKT",$C5),_xlpm.k,SUBSTITUTE(V$3,"GB","G"),_xlpm.s,_xlfn.XLOOKUP(_xlpm.k,참조!$F$2:$F$15,참조!$B$2:$B$15,""),_xlpm.v,_xlfn.XLOOKUP(_xlpm.k,참조!$F$2:$F$15,참조!$D$2:$D$15,""),_xlpm.t,_xlfn.XLOOKUP(_xlpm.k,참조!$F$2:$F$15,참조!$E$2:$E$15,""),_xlpm.x,_xlfn._xlws.FILTER(_xlpm.d,(INDEX(_xlpm.d,,1)=_xlpm.p)*(INDEX(_xlpm.d,,3)=_xlpm.v)*(INDEX(_xlpm.d,,4)=_xlpm.t)*(INDEX(_xlpm.d,,5)=_xlpm.s)*(INDEX(_xlpm.d,,6)=_xlpm.n)*(INDEX(_xlpm.d,,11)="RS")),_xlpm.y,_xlfn.SORTBY(_xlpm.x,INDEX(_xlpm.x,,8),1,IF(INDEX(_xlpm.x,,9)="",1E+99,INDEX(_xlpm.x,,9)),-1,IF(INDEX(_xlpm.x,,10)="",0,INDEX(_xlpm.x,,10)),1),IFERROR(_xlfn.CHOOSECOLS(_xlfn.TAKE(_xlpm.y,1),8,9,10),""))} | Y5: {=_xlfn.LET(_xlpm.d,'페이백 미포함'!$A$2:$K$2061,_xlpm.p,_xlfn.XLOOKUP($B5,참조!$K$2:$K$30,IF(참조!$L$2:$L$30<>"",참조!$L$2:$L$30,참조!$M$2:$M$30),""),_xlpm.n,IF(OR($C5="SK",$C5="SKT"),"SKT",$C5),_xlpm.k,SUBSTITUTE(Y$3,"GB","G"),_xlpm.s,_xlfn.XLOOKUP(_xlpm.k,참조!$F$2:$F$15,참조!$B$2:$B$15,""),_xlpm.v,_xlfn.XLOOKUP(_xlpm.k,참조!$F$2:$F$15,참조!$D$2:$D$15,""),_xlpm.t,_xlfn.XLOOKUP(_xlpm.k,참조!$F$2:$F$15,참조!$E$2:$E$15,""),_xlpm.x,_xlfn._xlws.FILTER(_xlpm.d,(INDEX(_xlpm.d,,1)=_xlpm.p)*(INDEX(_xlpm.d,,3)=_xlpm.v)*(INDEX(_xlpm.d,,4)=_xlpm.t)*(INDEX(_xlpm.d,,5)=_xlpm.s)*(INDEX(_xlpm.d,,6)=_xlpm.n)*(INDEX(_xlpm.d,,11)="RS")),_xlpm.y,_xlfn.SORTBY(_xlpm.x,INDEX(_xlpm.x,,8),1,IF(INDEX(_xlpm.x,,9)="",1E+99,INDEX(_xlpm.x,,9)),-1,IF(INDEX(_xlpm.x,,10)="",0,INDEX(_xlpm.x,,10)),1),IFERROR(_xlfn.CHOOSECOLS(_xlfn.TAKE(_xlpm.y,1),8,9,10),""))}
B6: =B5 | C6: KT | D6: {=_xlfn.LET(_xlpm.d,'페이백 미포함'!$A$2:$K$2061,_xlpm.p,_xlfn.XLOOKUP($B6,참조!$K$2:$K$30,IF(참조!$L$2:$L$30<>"",참조!$L$2:$L$30,참조!$M$2:$M$30),""),_xlpm.n,IF(OR($C6="SK",$C6="SKT"),"SKT",$C6),_xlpm.k,SUBSTITUTE(D$3,"GB","G"),_xlpm.s,_xlfn.XLOOKUP(_xlpm.k,참조!$F$2:$F$15,참조!$B$2:$B$15,""),_xlpm.v,_xlfn.XLOOKUP(_xlpm.k,참조!$F$2:$F$15,참조!$D$2:$D$15,""),_xlpm.t,_xlfn.XLOOKUP(_xlpm.k,참조!$F$2:$F$15,참조!$E$2:$E$15,""),_xlpm.x,_xlfn._xlws.FILTER(_xlpm.d,(INDEX(_xlpm.d,,1)=_xlpm.p)*(INDEX(_xlpm.d,,3)=_xlpm.v)*(INDEX(_xlpm.d,,4)=_xlpm.t)*(INDEX(_xlpm.d,,5)=_xlpm.s)*(INDEX(_xlpm.d,,6)=_xlpm.n)*(INDEX(_xlpm.d,,11)="RS")),_xlpm.y,_xlfn.SORTBY(_xlpm.x,INDEX(_xlpm.x,,8),1,IF(INDEX(_xlpm.x,,9)="",1E+99,INDEX(_xlpm.x,,9)),-1,IF(INDEX(_xlpm.x,,10)="",0,INDEX(_xlpm.x,,10)),1),IFERROR(_xlfn.CHOOSECOLS(_xlfn.TAKE(_xlpm.y,1),8,9,10),""))} | G6: {=_xlfn.LET(_xlpm.d,'페이백 미포함'!$A$2:$K$2061,_xlpm.p,_xlfn.XLOOKUP($B6,참조!$K$2:$K$30,IF(참조!$L$2:$L$30<>"",참조!$L$2:$L$30,참조!$M$2:$M$30),""),_xlpm.n,IF(OR($C6="SK",$C6="SKT"),"SKT",$C6),_xlpm.k,SUBSTITUTE(G$3,"GB","G"),_xlpm.s,_xlfn.XLOOKUP(_xlpm.k,참조!$F$2:$F$15,참조!$B$2:$B$15,""),_xlpm.v,_xlfn.XLOOKUP(_xlpm.k,참조!$F$2:$F$15,참조!$D$2:$D$15,""),_xlpm.t,_xlfn.XLOOKUP(_xlpm.k,참조!$F$2:$F$15,참조!$E$2:$E$15,""),_xlpm.x,_xlfn._xlws.FILTER(_xlpm.d,(INDEX(_xlpm.d,,1)=_xlpm.p)*(INDEX(_xlpm.d,,3)=_xlpm.v)*(INDEX(_xlpm.d,,4)=_xlpm.t)*(INDEX(_xlpm.d,,5)=_xlpm.s)*(INDEX(_xlpm.d,,6)=_xlpm.n)*(INDEX(_xlpm.d,,11)="RS")),_xlpm.y,_xlfn.SORTBY(_xlpm.x,INDEX(_xlpm.x,,8),1,IF(INDEX(_xlpm.x,,9)="",1E+99,INDEX(_xlpm.x,,9)),-1,IF(INDEX(_xlpm.x,,10)="",0,INDEX(_xlpm.x,,10)),1),IFERROR(_xlfn.CHOOSECOLS(_xlfn.TAKE(_xlpm.y,1),8,9,10),""))} | H6: 7 | I6: 33000 | J6: {=_xlfn.LET(_xlpm.d,'페이백 미포함'!$A$2:$K$2061,_xlpm.p,_xlfn.XLOOKUP($B6,참조!$K$2:$K$30,IF(참조!$L$2:$L$30<>"",참조!$L$2:$L$30,참조!$M$2:$M$30),""),_xlpm.n,IF(OR($C6="SK",$C6="SKT"),"SKT",$C6),_xlpm.k,SUBSTITUTE(J$3,"GB","G"),_xlpm.s,_xlfn.XLOOKUP(_xlpm.k,참조!$F$2:$F$15,참조!$B$2:$B$15,""),_xlpm.v,_xlfn.XLOOKUP(_xlpm.k,참조!$F$2:$F$15,참조!$D$2:$D$15,""),_xlpm.t,_xlfn.XLOOKUP(_xlpm.k,참조!$F$2:$F$15,참조!$E$2:$E$15,""),_xlpm.x,_xlfn._xlws.FILTER(_xlpm.d,(INDEX(_xlpm.d,,1)=_xlpm.p)*(INDEX(_xlpm.d,,3)=_xlpm.v)*(INDEX(_xlpm.d,,4)=_xlpm.t)*(INDEX(_xlpm.d,,5)=_xlpm.s)*(INDEX(_xlpm.d,,6)=_xlpm.n)*(INDEX(_xlpm.d,,11)="RS")),_xlpm.y,_xlfn.SORTBY(_xlpm.x,INDEX(_xlpm.x,,8),1,IF(INDEX(_xlpm.x,,9)="",1E+99,INDEX(_xlpm.x,,9)),-1,IF(INDEX(_xlpm.x,,10)="",0,INDEX(_xlpm.x,,10)),1),IFERROR(_xlfn.CHOOSECOLS(_xlfn.TAKE(_xlpm.y,1),8,9,10),""))} | M6: {=_xlfn.LET(_xlpm.d,'페이백 미포함'!$A$2:$K$2061,_xlpm.p,_xlfn.XLOOKUP($B6,참조!$K$2:$K$30,IF(참조!$L$2:$L$30<>"",참조!$L$2:$L$30,참조!$M$2:$M$30),""),_xlpm.n,IF(OR($C6="SK",$C6="SKT"),"SKT",$C6),_xlpm.k,SUBSTITUTE(M$3,"GB","G"),_xlpm.s,_xlfn.XLOOKUP(_xlpm.k,참조!$F$2:$F$15,참조!$B$2:$B$15,""),_xlpm.v,_xlfn.XLOOKUP(_xlpm.k,참조!$F$2:$F$15,참조!$D$2:$D$15,""),_xlpm.t,_xlfn.XLOOKUP(_xlpm.k,참조!$F$2:$F$15,참조!$E$2:$E$15,""),_xlpm.x,_xlfn._xlws.FILTER(_xlpm.d,(INDEX(_xlpm.d,,1)=_xlpm.p)*(INDEX(_xlpm.d,,3)=_xlpm.v)*(INDEX(_xlpm.d,,4)=_xlpm.t)*(INDEX(_xlpm.d,,5)=_xlpm.s)*(INDEX(_xlpm.d,,6)=_xlpm.n)*(INDEX(_xlpm.d,,11)="RS")),_xlpm.y,_xlfn.SORTBY(_xlpm.x,INDEX(_xlpm.x,,8),1,IF(INDEX(_xlpm.x,,9)="",1E+99,INDEX(_xlpm.x,,9)),-1,IF(INDEX(_xlpm.x,,10)="",0,INDEX(_xlpm.x,,10)),1),IFERROR(_xlfn.CHOOSECOLS(_xlfn.TAKE(_xlpm.y,1),8,9,10),""))} | P6: {=_xlfn.LET(_xlpm.d,'페이백 미포함'!$A$2:$K$2061,_xlpm.p,_xlfn.XLOOKUP($B6,참조!$K$2:$K$30,IF(참조!$L$2:$L$30<>"",참조!$L$2:$L$30,참조!$M$2:$M$30),""),_xlpm.n,IF(OR($C6="SK",$C6="SKT"),"SKT",$C6),_xlpm.k,SUBSTITUTE(P$3,"GB","G"),_xlpm.s,_xlfn.XLOOKUP(_xlpm.k,참조!$F$2:$F$15,참조!$B$2:$B$15,""),_xlpm.v,_xlfn.XLOOKUP(_xlpm.k,참조!$F$2:$F$15,참조!$D$2:$D$15,""),_xlpm.t,_xlfn.XLOOKUP(_xlpm.k,참조!$F$2:$F$15,참조!$E$2:$E$15,""),_xlpm.x,_xlfn._xlws.FILTER(_xlpm.d,(INDEX(_xlpm.d,,1)=_xlpm.p)*(INDEX(_xlpm.d,,3)=_xlpm.v)*(INDEX(_xlpm.d,,4)=_xlpm.t)*(INDEX(_xlpm.d,,5)=_xlpm.s)*(INDEX(_xlpm.d,,6)=_xlpm.n)*(INDEX(_xlpm.d,,11)="RS")),_xlpm.y,_xlfn.SORTBY(_xlpm.x,INDEX(_xlpm.x,,8),1,IF(INDEX(_xlpm.x,,9)="",1E+99,INDEX(_xlpm.x,,9)),-1,IF(INDEX(_xlpm.x,,10)="",0,INDEX(_xlpm.x,,10)),1),IFERROR(_xlfn.CHOOSECOLS(_xlfn.TAKE(_xlpm.y,1),8,9,10),""))} | S6: {=_xlfn.LET(_xlpm.d,'페이백 미포함'!$A$2:$K$2061,_xlpm.p,_xlfn.XLOOKUP($B6,참조!$K$2:$K$30,IF(참조!$L$2:$L$30<>"",참조!$L$2:$L$30,참조!$M$2:$M$30),""),_xlpm.n,IF(OR($C6="SK",$C6="SKT"),"SKT",$C6),_xlpm.k,SUBSTITUTE(S$3,"GB","G"),_xlpm.s,_xlfn.XLOOKUP(_xlpm.k,참조!$F$2:$F$15,참조!$B$2:$B$15,""),_xlpm.v,_xlfn.XLOOKUP(_xlpm.k,참조!$F$2:$F$15,참조!$D$2:$D$15,""),_xlpm.t,_xlfn.XLOOKUP(_xlpm.k,참조!$F$2:$F$15,참조!$E$2:$E$15,""),_xlpm.x,_xlfn._xlws.FILTER(_xlpm.d,(INDEX(_xlpm.d,,1)=_xlpm.p)*(INDEX(_xlpm.d,,3)=_xlpm.v)*(INDEX(_xlpm.d,,4)=_xlpm.t)*(INDEX(_xlpm.d,,5)=_xlpm.s)*(INDEX(_xlpm.d,,6)=_xlpm.n)*(INDEX(_xlpm.d,,11)="RS")),_xlpm.y,_xlfn.SORTBY(_xlpm.x,INDEX(_xlpm.x,,8),1,IF(INDEX(_xlpm.x,,9)="",1E+99,INDEX(_xlpm.x,,9)),-1,IF(INDEX(_xlpm.x,,10)="",0,INDEX(_xlpm.x,,10)),1),IFERROR(_xlfn.CHOOSECOLS(_xlfn.TAKE(_xlpm.y,1),8,9,10),""))} | V6: {=_xlfn.LET(_xlpm.d,'페이백 미포함'!$A$2:$K$2061,_xlpm.p,_xlfn.XLOOKUP($B6,참조!$K$2:$K$30,IF(참조!$L$2:$L$30<>"",참조!$L$2:$L$30,참조!$M$2:$M$30),""),_xlpm.n,IF(OR($C6="SK",$C6="SKT"),"SKT",$C6),_xlpm.k,SUBSTITUTE(V$3,"GB","G"),_xlpm.s,_xlfn.XLOOKUP(_xlpm.k,참조!$F$2:$F$15,참조!$B$2:$B$15,""),_xlpm.v,_xlfn.XLOOKUP(_xlpm.k,참조!$F$2:$F$15,참조!$D$2:$D$15,""),_xlpm.t,_xlfn.XLOOKUP(_xlpm.k,참조!$F$2:$F$15,참조!$E$2:$E$15,""),_xlpm.x,_xlfn._xlws.FILTER(_xlpm.d,(INDEX(_xlpm.d,,1)=_xlpm.p)*(INDEX(_xlpm.d,,3)=_xlpm.v)*(INDEX(_xlpm.d,,4)=_xlpm.t)*(INDEX(_xlpm.d,,5)=_xlpm.s)*(INDEX(_xlpm.d,,6)=_xlpm.n)*(INDEX(_xlpm.d,,11)="RS")),_xlpm.y,_xlfn.SORTBY(_xlpm.x,INDEX(_xlpm.x,,8),1,IF(INDEX(_xlpm.x,,9)="",1E+99,INDEX(_xlpm.x,,9)),-1,IF(INDEX(_xlpm.x,,10)="",0,INDEX(_xlpm.x,,10)),1),IFERROR(_xlfn.CHOOSECOLS(_xlfn.TAKE(_xlpm.y,1),8,9,10),""))} | Y6: {=_xlfn.LET(_xlpm.d,'페이백 미포함'!$A$2:$K$2061,_xlpm.p,_xlfn.XLOOKUP($B6,참조!$K$2:$K$30,IF(참조!$L$2:$L$30<>"",참조!$L$2:$L$30,참조!$M$2:$M$30),""),_xlpm.n,IF(OR($C6="SK",$C6="SKT"),"SKT",$C6),_xlpm.k,SUBSTITUTE(Y$3,"GB","G"),_xlpm.s,_xlfn.XLOOKUP(_xlpm.k,참조!$F$2:$F$15,참조!$B$2:$B$15,""),_xlpm.v,_xlfn.XLOOKUP(_xlpm.k,참조!$F$2:$F$15,참조!$D$2:$D$15,""),_xlpm.t,_xlfn.XLOOKUP(_xlpm.k,참조!$F$2:$F$15,참조!$E$2:$E$15,""),_xlpm.x,_xlfn._xlws.FILTER(_xlpm.d,(INDEX(_xlpm.d,,1)=_xlpm.p)*(INDEX(_xlpm.d,,3)=_xlpm.v)*(INDEX(_xlpm.d,,4)=_xlpm.t)*(INDEX(_xlpm.d,,5)=_xlpm.s)*(INDEX(_xlpm.d,,6)=_xlpm.n)*(INDEX(_xlpm.d,,11)="RS")),_xlpm.y,_xlfn.SORTBY(_xlpm.x,INDEX(_xlpm.x,,8),1,IF(INDEX(_xlpm.x,,9)="",1E+99,INDEX(_xlpm.x,,9)),-1,IF(INDEX(_xlpm.x,,10)="",0,INDEX(_xlpm.x,,10)),1),IFERROR(_xlfn.CHOOSECOLS(_xlfn.TAKE(_xlpm.y,1),8,9,10),""))}
B7: =B6 | C7: LG U+ | D7: {=_xlfn.LET(_xlpm.d,'페이백 미포함'!$A$2:$K$2061,_xlpm.p,_xlfn.XLOOKUP($B7,참조!$K$2:$K$30,IF(참조!$L$2:$L$30<>"",참조!$L$2:$L$30,참조!$M$2:$M$30),""),_xlpm.n,IF(OR($C7="SK",$C7="SKT"),"SKT",$C7),_xlpm.k,SUBSTITUTE(D$3,"GB","G"),_xlpm.s,_xlfn.XLOOKUP(_xlpm.k,참조!$F$2:$F$15,참조!$B$2:$B$15,""),_xlpm.v,_xlfn.XLOOKUP(_xlpm.k,참조!$F$2:$F$15,참조!$D$2:$D$15,""),_xlpm.t,_xlfn.XLOOKUP(_xlpm.k,참조!$F$2:$F$15,참조!$E$2:$E$15,""),_xlpm.x,_xlfn._xlws.FILTER(_xlpm.d,(INDEX(_xlpm.d,,1)=_xlpm.p)*(INDEX(_xlpm.d,,3)=_xlpm.v)*(INDEX(_xlpm.d,,4)=_xlpm.t)*(INDEX(_xlpm.d,,5)=_xlpm.s)*(INDEX(_xlpm.d,,6)=_xlpm.n)*(INDEX(_xlpm.d,,11)="RS")),_xlpm.y,_xlfn.SORTBY(_xlpm.x,INDEX(_xlpm.x,,8),1,IF(INDEX(_xlpm.x,,9)="",1E+99,INDEX(_xlpm.x,,9)),-1,IF(INDEX(_xlpm.x,,10)="",0,INDEX(_xlpm.x,,10)),1),IFERROR(_xlfn.CHOOSECOLS(_xlfn.TAKE(_xlpm.y,1),8,9,10),""))} | G7: {=_xlfn.LET(_xlpm.d,'페이백 미포함'!$A$2:$K$2061,_xlpm.p,_xlfn.XLOOKUP($B7,참조!$K$2:$K$30,IF(참조!$L$2:$L$30<>"",참조!$L$2:$L$30,참조!$M$2:$M$30),""),_xlpm.n,IF(OR($C7="SK",$C7="SKT"),"SKT",$C7),_xlpm.k,SUBSTITUTE(G$3,"GB","G"),_xlpm.s,_xlfn.XLOOKUP(_xlpm.k,참조!$F$2:$F$15,참조!$B$2:$B$15,""),_xlpm.v,_xlfn.XLOOKUP(_xlpm.k,참조!$F$2:$F$15,참조!$D$2:$D$15,""),_xlpm.t,_xlfn.XLOOKUP(_xlpm.k,참조!$F$2:$F$15,참조!$E$2:$E$15,""),_xlpm.x,_xlfn._xlws.FILTER(_xlpm.d,(INDEX(_xlpm.d,,1)=_xlpm.p)*(INDEX(_xlpm.d,,3)=_xlpm.v)*(INDEX(_xlpm.d,,4)=_xlpm.t)*(INDEX(_xlpm.d,,5)=_xlpm.s)*(INDEX(_xlpm.d,,6)=_xlpm.n)*(INDEX(_xlpm.d,,11)="RS")),_xlpm.y,_xlfn.SORTBY(_xlpm.x,INDEX(_xlpm.x,,8),1,IF(INDEX(_xlpm.x,,9)="",1E+99,INDEX(_xlpm.x,,9)),-1,IF(INDEX(_xlpm.x,,10)="",0,INDEX(_xlpm.x,,10)),1),IFERROR(_xlfn.CHOOSECOLS(_xlfn.TAKE(_xlpm.y,1),8,9,10),""))} | H7: 7 | I7: 33000 | J7: {=_xlfn.LET(_xlpm.d,'페이백 미포함'!$A$2:$K$2061,_xlpm.p,_xlfn.XLOOKUP($B7,참조!$K$2:$K$30,IF(참조!$L$2:$L$30<>"",참조!$L$2:$L$30,참조!$M$2:$M$30),""),_xlpm.n,IF(OR($C7="SK",$C7="SKT"),"SKT",$C7),_xlpm.k,SUBSTITUTE(J$3,"GB","G"),_xlpm.s,_xlfn.XLOOKUP(_xlpm.k,참조!$F$2:$F$15,참조!$B$2:$B$15,""),_xlpm.v,_xlfn.XLOOKUP(_xlpm.k,참조!$F$2:$F$15,참조!$D$2:$D$15,""),_xlpm.t,_xlfn.XLOOKUP(_xlpm.k,참조!$F$2:$F$15,참조!$E$2:$E$15,""),_xlpm.x,_xlfn._xlws.FILTER(_xlpm.d,(INDEX(_xlpm.d,,1)=_xlpm.p)*(INDEX(_xlpm.d,,3)=_xlpm.v)*(INDEX(_xlpm.d,,4)=_xlpm.t)*(INDEX(_xlpm.d,,5)=_xlpm.s)*(INDEX(_xlpm.d,,6)=_xlpm.n)*(INDEX(_xlpm.d,,11)="RS")),_xlpm.y,_xlfn.SORTBY(_xlpm.x,INDEX(_xlpm.x,,8),1,IF(INDEX(_xlpm.x,,9)="",1E+99,INDEX(_xlpm.x,,9)),-1,IF(INDEX(_xlpm.x,,10)="",0,INDEX(_xlpm.x,,10)),1),IFERROR(_xlfn.CHOOSECOLS(_xlfn.TAKE(_xlpm.y,1),8,9,10),""))} | K7: 24 | L7: 36300 | M7: {=_xlfn.LET(_xlpm.d,'페이백 미포함'!$A$2:$K$2061,_xlpm.p,_xlfn.XLOOKUP($B7,참조!$K$2:$K$30,IF(참조!$L$2:$L$30<>"",참조!$L$2:$L$30,참조!$M$2:$M$30),""),_xlpm.n,IF(OR($C7="SK",$C7="SKT"),"SKT",$C7),_xlpm.k,SUBSTITUTE(M$3,"GB","G"),_xlpm.s,_xlfn.XLOOKUP(_xlpm.k,참조!$F$2:$F$15,참조!$B$2:$B$15,""),_xlpm.v,_xlfn.XLOOKUP(_xlpm.k,참조!$F$2:$F$15,참조!$D$2:$D$15,""),_xlpm.t,_xlfn.XLOOKUP(_xlpm.k,참조!$F$2:$F$15,참조!$E$2:$E$15,""),_xlpm.x,_xlfn._xlws.FILTER(_xlpm.d,(INDEX(_xlpm.d,,1)=_xlpm.p)*(INDEX(_xlpm.d,,3)=_xlpm.v)*(INDEX(_xlpm.d,,4)=_xlpm.t)*(INDEX(_xlpm.d,,5)=_xlpm.s)*(INDEX(_xlpm.d,,6)=_xlpm.n)*(INDEX(_xlpm.d,,11)="RS")),_xlpm.y,_xlfn.SORTBY(_xlpm.x,INDEX(_xlpm.x,,8),1,IF(INDEX(_xlpm.x,,9)="",1E+99,INDEX(_xlpm.x,,9)),-1,IF(INDEX(_xlpm.x,,10)="",0,INDEX(_xlpm.x,,10)),1),IFERROR(_xlfn.CHOOSECOLS(_xlfn.TAKE(_xlpm.y,1),8,9,10),""))} | P7: {=_xlfn.LET(_xlpm.d,'페이백 미포함'!$A$2:$K$2061,_xlpm.p,_xlfn.XLOOKUP($B7,참조!$K$2:$K$30,IF(참조!$L$2:$L$30<>"",참조!$L$2:$L$30,참조!$M$2:$M$30),""),_xlpm.n,IF(OR($C7="SK",$C7="SKT"),"SKT",$C7),_xlpm.k,SUBSTITUTE(P$3,"GB","G"),_xlpm.s,_xlfn.XLOOKUP(_xlpm.k,참조!$F$2:$F$15,참조!$B$2:$B$15,""),_xlpm.v,_xlfn.XLOOKUP(_xlpm.k,참조!$F$2:$F$15,참조!$D$2:$D$15,""),_xlpm.t,_xlfn.XLOOKUP(_xlpm.k,참조!$F$2:$F$15,참조!$E$2:$E$15,""),_xlpm.x,_xlfn._xlws.FILTER(_xlpm.d,(INDEX(_xlpm.d,,1)=_xlpm.p)*(INDEX(_xlpm.d,,3)=_xlpm.v)*(INDEX(_xlpm.d,,4)=_xlpm.t)*(INDEX(_xlpm.d,,5)=_xlpm.s)*(INDEX(_xlpm.d,,6)=_xlpm.n)*(INDEX(_xlpm.d,,11)="RS")),_xlpm.y,_xlfn.SORTBY(_xlpm.x,INDEX(_xlpm.x,,8),1,IF(INDEX(_xlpm.x,,9)="",1E+99,INDEX(_xlpm.x,,9)),-1,IF(INDEX(_xlpm.x,,10)="",0,INDEX(_xlpm.x,,10)),1),IFERROR(_xlfn.CHOOSECOLS(_xlfn.TAKE(_xlpm.y,1),8,9,10),""))} | S7: {=_xlfn.LET(_xlpm.d,'페이백 미포함'!$A$2:$K$2061,_xlpm.p,_xlfn.XLOOKUP($B7,참조!$K$2:$K$30,IF(참조!$L$2:$L$30<>"",참조!$L$2:$L$30,참조!$M$2:$M$30),""),_xlpm.n,IF(OR($C7="SK",$C7="SKT"),"SKT",$C7),_xlpm.k,SUBSTITUTE(S$3,"GB","G"),_xlpm.s,_xlfn.XLOOKUP(_xlpm.k,참조!$F$2:$F$15,참조!$B$2:$B$15,""),_xlpm.v,_xlfn.XLOOKUP(_xlpm.k,참조!$F$2:$F$15,참조!$D$2:$D$15,""),_xlpm.t,_xlfn.XLOOKUP(_xlpm.k,참조!$F$2:$F$15,참조!$E$2:$E$15,""),_xlpm.x,_xlfn._xlws.FILTER(_xlpm.d,(INDEX(_xlpm.d,,1)=_xlpm.p)*(INDEX(_xlpm.d,,3)=_xlpm.v)*(INDEX(_xlpm.d,,4)=_xlpm.t)*(INDEX(_xlpm.d,,5)=_xlpm.s)*(INDEX(_xlpm.d,,6)=_xlpm.n)*(INDEX(_xlpm.d,,11)="RS")),_xlpm.y,_xlfn.SORTBY(_xlpm.x,INDEX(_xlpm.x,,8),1,IF(INDEX(_xlpm.x,,9)="",1E+99,INDEX(_xlpm.x,,9)),-1,IF(INDEX(_xlpm.x,,10)="",0,INDEX(_xlpm.x,,10)),1),IFERROR(_xlfn.CHOOSECOLS(_xlfn.TAKE(_xlpm.y,1),8,9,10),""))} | V7: {=_xlfn.LET(_xlpm.d,'페이백 미포함'!$A$2:$K$2061,_xlpm.p,_xlfn.XLOOKUP($B7,참조!$K$2:$K$30,IF(참조!$L$2:$L$30<>"",참조!$L$2:$L$30,참조!$M$2:$M$30),""),_xlpm.n,IF(OR($C7="SK",$C7="SKT"),"SKT",$C7),_xlpm.k,SUBSTITUTE(V$3,"GB","G"),_xlpm.s,_xlfn.XLOOKUP(_xlpm.k,참조!$F$2:$F$15,참조!$B$2:$B$15,""),_xlpm.v,_xlfn.XLOOKUP(_xlpm.k,참조!$F$2:$F$15,참조!$D$2:$D$15,""),_xlpm.t,_xlfn.XLOOKUP(_xlpm.k,참조!$F$2:$F$15,참조!$E$2:$E$15,""),_xlpm.x,_xlfn._xlws.FILTER(_xlpm.d,(INDEX(_xlpm.d,,1)=_xlpm.p)*(INDEX(_xlpm.d,,3)=_xlpm.v)*(INDEX(_xlpm.d,,4)=_xlpm.t)*(INDEX(_xlpm.d,,5)=_xlpm.s)*(INDEX(_xlpm.d,,6)=_xlpm.n)*(INDEX(_xlpm.d,,11)="RS")),_xlpm.y,_xlfn.SORTBY(_xlpm.x,INDEX(_xlpm.x,,8),1,IF(INDEX(_xlpm.x,,9)="",1E+99,INDEX(_xlpm.x,,9)),-1,IF(INDEX(_xlpm.x,,10)="",0,INDEX(_xlpm.x,,10)),1),IFERROR(_xlfn.CHOOSECOLS(_xlfn.TAKE(_xlpm.y,1),8,9,10),""))} | Y7: {=_xlfn.LET(_xlpm.d,'페이백 미포함'!$A$2:$K$2061,_xlpm.p,_xlfn.XLOOKUP($B7,참조!$K$2:$K$30,IF(참조!$L$2:$L$30<>"",참조!$L$2:$L$30,참조!$M$2:$M$30),""),_xlpm.n,IF(OR($C7="SK",$C7="SKT"),"SKT",$C7),_xlpm.k,SUBSTITUTE(Y$3,"GB","G"),_xlpm.s,_xlfn.XLOOKUP(_xlpm.k,참조!$F$2:$F$15,참조!$B$2:$B$15,""),_xlpm.v,_xlfn.XLOOKUP(_xlpm.k,참조!$F$2:$F$15,참조!$D$2:$D$15,""),_xlpm.t,_xlfn.XLOOKUP(_xlpm.k,참조!$F$2:$F$15,참조!$E$2:$E$15,""),_xlpm.x,_xlfn._xlws.FILTER(_xlpm.d,(INDEX(_xlpm.d,,1)=_xlpm.p)*(INDEX(_xlpm.d,,3)=_xlpm.v)*(INDEX(_xlpm.d,,4)=_xlpm.t)*(INDEX(_xlpm.d,,5)=_xlpm.s)*(INDEX(_xlpm.d,,6)=_xlpm.n)*(INDEX(_xlpm.d,,11)="RS")),_xlpm.y,_xlfn.SORTBY(_xlpm.x,INDEX(_xlpm.x,,8),1,IF(INDEX(_xlpm.x,,9)="",1E+99,INDEX(_xlpm.x,,9)),-1,IF(INDEX(_xlpm.x,,10)="",0,INDEX(_xlpm.x,,10)),1),IFERROR(_xlfn.CHOOSECOLS(_xlfn.TAKE(_xlpm.y,1),8,9,10),""))}
B8: 유니컴즈 | C8: SK | D8: {=_xlfn.LET(_xlpm.d,'페이백 미포함'!$A$2:$K$2061,_xlpm.p,_xlfn.XLOOKUP($B8,참조!$K$2:$K$30,IF(참조!$L$2:$L$30<>"",참조!$L$2:$L$30,참조!$M$2:$M$30),""),_xlpm.n,IF(OR($C8="SK",$C8="SKT"),"SKT",$C8),_xlpm.k,SUBSTITUTE(D$3,"GB","G"),_xlpm.s,_xlfn.XLOOKUP(_xlpm.k,참조!$F$2:$F$15,참조!$B$2:$B$15,""),_xlpm.v,_xlfn.XLOOKUP(_xlpm.k,참조!$F$2:$F$15,참조!$D$2:$D$15,""),_xlpm.t,_xlfn.XLOOKUP(_xlpm.k,참조!$F$2:$F$15,참조!$E$2:$E$15,""),_xlpm.x,_xlfn._xlws.FILTER(_xlpm.d,(INDEX(_xlpm.d,,1)=_xlpm.p)*(INDEX(_xlpm.d,,3)=_xlpm.v)*(INDEX(_xlpm.d,,4)=_xlpm.t)*(INDEX(_xlpm.d,,5)=_xlpm.s)*(INDEX(_xlpm.d,,6)=_xlpm.n)*(INDEX(_xlpm.d,,11)="RS")),_xlpm.y,_xlfn.SORTBY(_xlpm.x,INDEX(_xlpm.x,,8),1,IF(INDEX(_xlpm.x,,9)="",1E+99,INDEX(_xlpm.x,,9)),-1,IF(INDEX(_xlpm.x,,10)="",0,INDEX(_xlpm.x,,10)),1),IFERROR(_xlfn.CHOOSECOLS(_xlfn.TAKE(_xlpm.y,1),8,9,10),""))} | E8: 7 | F8: 26400 | G8: {=_xlfn.LET(_xlpm.d,'페이백 미포함'!$A$2:$K$2061,_xlpm.p,_xlfn.XLOOKUP($B8,참조!$K$2:$K$30,IF(참조!$L$2:$L$30<>"",참조!$L$2:$L$30,참조!$M$2:$M$30),""),_xlpm.n,IF(OR($C8="SK",$C8="SKT"),"SKT",$C8),_xlpm.k,SUBSTITUTE(G$3,"GB","G"),_xlpm.s,_xlfn.XLOOKUP(_xlpm.k,참조!$F$2:$F$15,참조!$B$2:$B$15,""),_xlpm.v,_xlfn.XLOOKUP(_xlpm.k,참조!$F$2:$F$15,참조!$D$2:$D$15,""),_xlpm.t,_xlfn.XLOOKUP(_xlpm.k,참조!$F$2:$F$15,참조!$E$2:$E$15,""),_xlpm.x,_xlfn._xlws.FILTER(_xlpm.d,(INDEX(_xlpm.d,,1)=_xlpm.p)*(INDEX(_xlpm.d,,3)=_xlpm.v)*(INDEX(_xlpm.d,,4)=_xlpm.t)*(INDEX(_xlpm.d,,5)=_xlpm.s)*(INDEX(_xlpm.d,,6)=_xlpm.n)*(INDEX(_xlpm.d,,11)="RS")),_xlpm.y,_xlfn.SORTBY(_xlpm.x,INDEX(_xlpm.x,,8),1,IF(INDEX(_xlpm.x,,9)="",1E+99,INDEX(_xlpm.x,,9)),-1,IF(INDEX(_xlpm.x,,10)="",0,INDEX(_xlpm.x,,10)),1),IFERROR(_xlfn.CHOOSECOLS(_xlfn.TAKE(_xlpm.y,1),8,9,10),""))} | H8: 7 | I8: 36300 | J8: {=_xlfn.LET(_xlpm.d,'페이백 미포함'!$A$2:$K$2061,_xlpm.p,_xlfn.XLOOKUP($B8,참조!$K$2:$K$30,IF(참조!$L$2:$L$30<>"",참조!$L$2:$L$30,참조!$M$2:$M$30),""),_xlpm.n,IF(OR($C8="SK",$C8="SKT"),"SKT",$C8),_xlpm.k,SUBSTITUTE(J$3,"GB","G"),_xlpm.s,_xlfn.XLOOKUP(_xlpm.k,참조!$F$2:$F$15,참조!$B$2:$B$15,""),_xlpm.v,_xlfn.XLOOKUP(_xlpm.k,참조!$F$2:$F$15,참조!$D$2:$D$15,""),_xlpm.t,_xlfn.XLOOKUP(_xlpm.k,참조!$F$2:$F$15,참조!$E$2:$E$15,""),_xlpm.x,_xlfn._xlws.FILTER(_xlpm.d,(INDEX(_xlpm.d,,1)=_xlpm.p)*(INDEX(_xlpm.d,,3)=_xlpm.v)*(INDEX(_xlpm.d,,4)=_xlpm.t)*(INDEX(_xlpm.d,,5)=_xlpm.s)*(INDEX(_xlpm.d,,6)=_xlpm.n)*(INDEX(_xlpm.d,,11)="RS")),_xlpm.y,_xlfn.SORTBY(_xlpm.x,INDEX(_xlpm.x,,8),1,IF(INDEX(_xlpm.x,,9)="",1E+99,INDEX(_xlpm.x,,9)),-1,IF(INDEX(_xlpm.x,,10)="",0,INDEX(_xlpm.x,,10)),1),IFERROR(_xlfn.CHOOSECOLS(_xlfn.TAKE(_xlpm.y,1),8,9,10),""))} | K8: 7 | L8: 40700 | M8: {=_xlfn.LET(_xlpm.d,'페이백 미포함'!$A$2:$K$2061,_xlpm.p,_xlfn.XLOOKUP($B8,참조!$K$2:$K$30,IF(참조!$L$2:$L$30<>"",참조!$L$2:$L$30,참조!$M$2:$M$30),""),_xlpm.n,IF(OR($C8="SK",$C8="SKT"),"SKT",$C8),_xlpm.k,SUBSTITUTE(M$3,"GB","G"),_xlpm.s,_xlfn.XLOOKUP(_xlpm.k,참조!$F$2:$F$15,참조!$B$2:$B$15,""),_xlpm.v,_xlfn.XLOOKUP(_xlpm.k,참조!$F$2:$F$15,참조!$D$2:$D$15,""),_xlpm.t,_xlfn.XLOOKUP(_xlpm.k,참조!$F$2:$F$15,참조!$E$2:$E$15,""),_xlpm.x,_xlfn._xlws.FILTER(_xlpm.d,(INDEX(_xlpm.d,,1)=_xlpm.p)*(INDEX(_xlpm.d,,3)=_xlpm.v)*(INDEX(_xlpm.d,,4)=_xlpm.t)*(INDEX(_xlpm.d,,5)=_xlpm.s)*(INDEX(_xlpm.d,,6)=_xlpm.n)*(INDEX(_xlpm.d,,11)="RS")),_xlpm.y,_xlfn.SORTBY(_xlpm.x,INDEX(_xlpm.x,,8),1,IF(INDEX(_xlpm.x,,9)="",1E+99,INDEX(_xlpm.x,,9)),-1,IF(INDEX(_xlpm.x,,10)="",0,INDEX(_xlpm.x,,10)),1),IFERROR(_xlfn.CHOOSECOLS(_xlfn.TAKE(_xlpm.y,1),8,9,10),""))} | N8: 7 | O8: 46200 | P8: {=_xlfn.LET(_xlpm.d,'페이백 미포함'!$A$2:$K$2061,_xlpm.p,_xlfn.XLOOKUP($B8,참조!$K$2:$K$30,IF(참조!$L$2:$L$30<>"",참조!$L$2:$L$30,참조!$M$2:$M$30),""),_xlpm.n,IF(OR($C8="SK",$C8="SKT"),"SKT",$C8),_xlpm.k,SUBSTITUTE(P$3,"GB","G"),_xlpm.s,_xlfn.XLOOKUP(_xlpm.k,참조!$F$2:$F$15,참조!$B$2:$B$15,""),_xlpm.v,_xlfn.XLOOKUP(_xlpm.k,참조!$F$2:$F$15,참조!$D$2:$D$15,""),_xlpm.t,_xlfn.XLOOKUP(_xlpm.k,참조!$F$2:$F$15,참조!$E$2:$E$15,""),_xlpm.x,_xlfn._xlws.FILTER(_xlpm.d,(INDEX(_xlpm.d,,1)=_xlpm.p)*(INDEX(_xlpm.d,,3)=_xlpm.v)*(INDEX(_xlpm.d,,4)=_xlpm.t)*(INDEX(_xlpm.d,,5)=_xlpm.s)*(INDEX(_xlpm.d,,6)=_xlpm.n)*(INDEX(_xlpm.d,,11)="RS")),_xlpm.y,_xlfn.SORTBY(_xlpm.x,INDEX(_xlpm.x,,8),1,IF(INDEX(_xlpm.x,,9)="",1E+99,INDEX(_xlpm.x,,9)),-1,IF(INDEX(_xlpm.x,,10)="",0,INDEX(_xlpm.x,,10)),1),IFERROR(_xlfn.CHOOSECOLS(_xlfn.TAKE(_xlpm.y,1),8,9,10),""))} | Q8: 7 | R8: 53900 | S8: {=_xlfn.LET(_xlpm.d,'페이백 미포함'!$A$2:$K$2061,_xlpm.p,_xlfn.XLOOKUP($B8,참조!$K$2:$K$30,IF(참조!$L$2:$L$30<>"",참조!$L$2:$L$30,참조!$M$2:$M$30),""),_xlpm.n,IF(OR($C8="SK",$C8="SKT"),"SKT",$C8),_xlpm.k,SUBSTITUTE(S$3,"GB","G"),_xlpm.s,_xlfn.XLOOKUP(_xlpm.k,참조!$F$2:$F$15,참조!$B$2:$B$15,""),_xlpm.v,_xlfn.XLOOKUP(_xlpm.k,참조!$F$2:$F$15,참조!$D$2:$D$15,""),_xlpm.t,_xlfn.XLOOKUP(_xlpm.k,참조!$F$2:$F$15,참조!$E$2:$E$15,""),_xlpm.x,_xlfn._xlws.FILTER(_xlpm.d,(INDEX(_xlpm.d,,1)=_xlpm.p)*(INDEX(_xlpm.d,,3)=_xlpm.v)*(INDEX(_xlpm.d,,4)=_xlpm.t)*(INDEX(_xlpm.d,,5)=_xlpm.s)*(INDEX(_xlpm.d,,6)=_xlpm.n)*(INDEX(_xlpm.d,,11)="RS")),_xlpm.y,_xlfn.SORTBY(_xlpm.x,INDEX(_xlpm.x,,8),1,IF(INDEX(_xlpm.x,,9)="",1E+99,INDEX(_xlpm.x,,9)),-1,IF(INDEX(_xlpm.x,,10)="",0,INDEX(_xlpm.x,,10)),1),IFERROR(_xlfn.CHOOSECOLS(_xlfn.TAKE(_xlpm.y,1),8,9,10),""))} | V8: {=_xlfn.LET(_xlpm.d,'페이백 미포함'!$A$2:$K$2061,_xlpm.p,_xlfn.XLOOKUP($B8,참조!$K$2:$K$30,IF(참조!$L$2:$L$30<>"",참조!$L$2:$L$30,참조!$M$2:$M$30),""),_xlpm.n,IF(OR($C8="SK",$C8="SKT"),"SKT",$C8),_xlpm.k,SUBSTITUTE(V$3,"GB","G"),_xlpm.s,_xlfn.XLOOKUP(_xlpm.k,참조!$F$2:$F$15,참조!$B$2:$B$15,""),_xlpm.v,_xlfn.XLOOKUP(_xlpm.k,참조!$F$2:$F$15,참조!$D$2:$D$15,""),_xlpm.t,_xlfn.XLOOKUP(_xlpm.k,참조!$F$2:$F$15,참조!$E$2:$E$15,""),_xlpm.x,_xlfn._xlws.FILTER(_xlpm.d,(INDEX(_xlpm.d,,1)=_xlpm.p)*(INDEX(_xlpm.d,,3)=_xlpm.v)*(INDEX(_xlpm.d,,4)=_xlpm.t)*(INDEX(_xlpm.d,,5)=_xlpm.s)*(INDEX(_xlpm.d,,6)=_xlpm.n)*(INDEX(_xlpm.d,,11)="RS")),_xlpm.y,_xlfn.SORTBY(_xlpm.x,INDEX(_xlpm.x,,8),1,IF(INDEX(_xlpm.x,,9)="",1E+99,INDEX(_xlpm.x,,9)),-1,IF(INDEX(_xlpm.x,,10)="",0,INDEX(_xlpm.x,,10)),1),IFERROR(_xlfn.CHOOSECOLS(_xlfn.TAKE(_xlpm.y,1),8,9,10),""))} | Y8: {=_xlfn.LET(_xlpm.d,'페이백 미포함'!$A$2:$K$2061,_xlpm.p,_xlfn.XLOOKUP($B8,참조!$K$2:$K$30,IF(참조!$L$2:$L$30<>"",참조!$L$2:$L$30,참조!$M$2:$M$30),""),_xlpm.n,IF(OR($C8="SK",$C8="SKT"),"SKT",$C8),_xlpm.k,SUBSTITUTE(Y$3,"GB","G"),_xlpm.s,_xlfn.XLOOKUP(_xlpm.k,참조!$F$2:$F$15,참조!$B$2:$B$15,""),_xlpm.v,_xlfn.XLOOKUP(_xlpm.k,참조!$F$2:$F$15,참조!$D$2:$D$15,""),_xlpm.t,_xlfn.XLOOKUP(_xlpm.k,참조!$F$2:$F$15,참조!$E$2:$E$15,""),_xlpm.x,_xlfn._xlws.FILTER(_xlpm.d,(INDEX(_xlpm.d,,1)=_xlpm.p)*(INDEX(_xlpm.d,,3)=_xlpm.v)*(INDEX(_xlpm.d,,4)=_xlpm.t)*(INDEX(_xlpm.d,,5)=_xlpm.s)*(INDEX(_xlpm.d,,6)=_xlpm.n)*(INDEX(_xlpm.d,,11)="RS")),_xlpm.y,_xlfn.SORTBY(_xlpm.x,INDEX(_xlpm.x,,8),1,IF(INDEX(_xlpm.x,,9)="",1E+99,INDEX(_xlpm.x,,9)),-1,IF(INDEX(_xlpm.x,,10)="",0,INDEX(_xlpm.x,,10)),1),IFERROR(_xlfn.CHOOSECOLS(_xlfn.TAKE(_xlpm.y,1),8,9,10),""))}
B9: =B8 | C9: KT | D9: {=_xlfn.LET(_xlpm.d,'페이백 미포함'!$A$2:$K$2061,_xlpm.p,_xlfn.XLOOKUP($B9,참조!$K$2:$K$30,IF(참조!$L$2:$L$30<>"",참조!$L$2:$L$30,참조!$M$2:$M$30),""),_xlpm.n,IF(OR($C9="SK",$C9="SKT"),"SKT",$C9),_xlpm.k,SUBSTITUTE(D$3,"GB","G"),_xlpm.s,_xlfn.XLOOKUP(_xlpm.k,참조!$F$2:$F$15,참조!$B$2:$B$15,""),_xlpm.v,_xlfn.XLOOKUP(_xlpm.k,참조!$F$2:$F$15,참조!$D$2:$D$15,""),_xlpm.t,_xlfn.XLOOKUP(_xlpm.k,참조!$F$2:$F$15,참조!$E$2:$E$15,""),_xlpm.x,_xlfn._xlws.FILTER(_xlpm.d,(INDEX(_xlpm.d,,1)=_xlpm.p)*(INDEX(_xlpm.d,,3)=_xlpm.v)*(INDEX(_xlpm.d,,4)=_xlpm.t)*(INDEX(_xlpm.d,,5)=_xlpm.s)*(INDEX(_xlpm.d,,6)=_xlpm.n)*(INDEX(_xlpm.d,,11)="RS")),_xlpm.y,_xlfn.SORTBY(_xlpm.x,INDEX(_xlpm.x,,8),1,IF(INDEX(_xlpm.x,,9)="",1E+99,INDEX(_xlpm.x,,9)),-1,IF(INDEX(_xlpm.x,,10)="",0,INDEX(_xlpm.x,,10)),1),IFERROR(_xlfn.CHOOSECOLS(_xlfn.TAKE(_xlpm.y,1),8,9,10),""))} | E9: 7 | F9: 26400 | G9: {=_xlfn.LET(_xlpm.d,'페이백 미포함'!$A$2:$K$2061,_xlpm.p,_xlfn.XLOOKUP($B9,참조!$K$2:$K$30,IF(참조!$L$2:$L$30<>"",참조!$L$2:$L$30,참조!$M$2:$M$30),""),_xlpm.n,IF(OR($C9="SK",$C9="SKT"),"SKT",$C9),_xlpm.k,SUBSTITUTE(G$3,"GB","G"),_xlpm.s,_xlfn.XLOOKUP(_xlpm.k,참조!$F$2:$F$15,참조!$B$2:$B$15,""),_xlpm.v,_xlfn.XLOOKUP(_xlpm.k,참조!$F$2:$F$15,참조!$D$2:$D$15,""),_xlpm.t,_xlfn.XLOOKUP(_xlpm.k,참조!$F$2:$F$15,참조!$E$2:$E$15,""),_xlpm.x,_xlfn._xlws.FILTER(_xlpm.d,(INDEX(_xlpm.d,,1)=_xlpm.p)*(INDEX(_xlpm.d,,3)=_xlpm.v)*(INDEX(_xlpm.d,,4)=_xlpm.t)*(INDEX(_xlpm.d,,5)=_xlpm.s)*(INDEX(_xlpm.d,,6)=_xlpm.n)*(INDEX(_xlpm.d,,11)="RS")),_xlpm.y,_xlfn.SORTBY(_xlpm.x,INDEX(_xlpm.x,,8),1,IF(INDEX(_xlpm.x,,9)="",1E+99,INDEX(_xlpm.x,,9)),-1,IF(INDEX(_xlpm.x,,10)="",0,INDEX(_xlpm.x,,10)),1),IFERROR(_xlfn.CHOOSECOLS(_xlfn.TAKE(_xlpm.y,1),8,9,10),""))} | H9: 7 | I9: 37400 | J9: {=_xlfn.LET(_xlpm.d,'페이백 미포함'!$A$2:$K$2061,_xlpm.p,_xlfn.XLOOKUP($B9,참조!$K$2:$K$30,IF(참조!$L$2:$L$30<>"",참조!$L$2:$L$30,참조!$M$2:$M$30),""),_xlpm.n,IF(OR($C9="SK",$C9="SKT"),"SKT",$C9),_xlpm.k,SUBSTITUTE(J$3,"GB","G"),_xlpm.s,_xlfn.XLOOKUP(_xlpm.k,참조!$F$2:$F$15,참조!$B$2:$B$15,""),_xlpm.v,_xlfn.XLOOKUP(_xlpm.k,참조!$F$2:$F$15,참조!$D$2:$D$15,""),_xlpm.t,_xlfn.XLOOKUP(_xlpm.k,참조!$F$2:$F$15,참조!$E$2:$E$15,""),_xlpm.x,_xlfn._xlws.FILTER(_xlpm.d,(INDEX(_xlpm.d,,1)=_xlpm.p)*(INDEX(_xlpm.d,,3)=_xlpm.v)*(INDEX(_xlpm.d,,4)=_xlpm.t)*(INDEX(_xlpm.d,,5)=_xlpm.s)*(INDEX(_xlpm.d,,6)=_xlpm.n)*(INDEX(_xlpm.d,,11)="RS")),_xlpm.y,_xlfn.SORTBY(_xlpm.x,INDEX(_xlpm.x,,8),1,IF(INDEX(_xlpm.x,,9)="",1E+99,INDEX(_xlpm.x,,9)),-1,IF(INDEX(_xlpm.x,,10)="",0,INDEX(_xlpm.x,,10)),1),IFERROR(_xlfn.CHOOSECOLS(_xlfn.TAKE(_xlpm.y,1),8,9,10),""))} | K9: 7 | L9: 45100 | M9: {=_xlfn.LET(_xlpm.d,'페이백 미포함'!$A$2:$K$2061,_xlpm.p,_xlfn.XLOOKUP($B9,참조!$K$2:$K$30,IF(참조!$L$2:$L$30<>"",참조!$L$2:$L$30,참조!$M$2:$M$30),""),_xlpm.n,IF(OR($C9="SK",$C9="SKT"),"SKT",$C9),_xlpm.k,SUBSTITUTE(M$3,"GB","G"),_xlpm.s,_xlfn.XLOOKUP(_xlpm.k,참조!$F$2:$F$15,참조!$B$2:$B$15,""),_xlpm.v,_xlfn.XLOOKUP(_xlpm.k,참조!$F$2:$F$15,참조!$D$2:$D$15,""),_xlpm.t,_xlfn.XLOOKUP(_xlpm.k,참조!$F$2:$F$15,참조!$E$2:$E$15,""),_xlpm.x,_xlfn._xlws.FILTER(_xlpm.d,(INDEX(_xlpm.d,,1)=_xlpm.p)*(INDEX(_xlpm.d,,3)=_xlpm.v)*(INDEX(_xlpm.d,,4)=_xlpm.t)*(INDEX(_xlpm.d,,5)=_xlpm.s)*(INDEX(_xlpm.d,,6)=_xlpm.n)*(INDEX(_xlpm.d,,11)="RS")),_xlpm.y,_xlfn.SORTBY(_xlpm.x,INDEX(_xlpm.x,,8),1,IF(INDEX(_xlpm.x,,9)="",1E+99,INDEX(_xlpm.x,,9)),-1,IF(INDEX(_xlpm.x,,10)="",0,INDEX(_xlpm.x,,10)),1),IFERROR(_xlfn.CHOOSECOLS(_xlfn.TAKE(_xlpm.y,1),8,9,10),""))} | N9: 7 | O9: 48400 | P9: {=_xlfn.LET(_xlpm.d,'페이백 미포함'!$A$2:$K$2061,_xlpm.p,_xlfn.XLOOKUP($B9,참조!$K$2:$K$30,IF(참조!$L$2:$L$30<>"",참조!$L$2:$L$30,참조!$M$2:$M$30),""),_xlpm.n,IF(OR($C9="SK",$C9="SKT"),"SKT",$C9),_xlpm.k,SUBSTITUTE(P$3,"GB","G"),_xlpm.s,_xlfn.XLOOKUP(_xlpm.k,참조!$F$2:$F$15,참조!$B$2:$B$15,""),_xlpm.v,_xlfn.XLOOKUP(_xlpm.k,참조!$F$2:$F$15,참조!$D$2:$D$15,""),_xlpm.t,_xlfn.XLOOKUP(_xlpm.k,참조!$F$2:$F$15,참조!$E$2:$E$15,""),_xlpm.x,_xlfn._xlws.FILTER(_xlpm.d,(INDEX(_xlpm.d,,1)=_xlpm.p)*(INDEX(_xlpm.d,,3)=_xlpm.v)*(INDEX(_xlpm.d,,4)=_xlpm.t)*(INDEX(_xlpm.d,,5)=_xlpm.s)*(INDEX(_xlpm.d,,6)=_xlpm.n)*(INDEX(_xlpm.d,,11)="RS")),_xlpm.y,_xlfn.SORTBY(_xlpm.x,INDEX(_xlpm.x,,8),1,IF(INDEX(_xlpm.x,,9)="",1E+99,INDEX(_xlpm.x,,9)),-1,IF(INDEX(_xlpm.x,,10)="",0,INDEX(_xlpm.x,,10)),1),IFERROR(_xlfn.CHOOSECOLS(_xlfn.TAKE(_xlpm.y,1),8,9,10),""))} | Q9: 7 | R9: 50600 | S9: {=_xlfn.LET(_xlpm.d,'페이백 미포함'!$A$2:$K$2061,_xlpm.p,_xlfn.XLOOKUP($B9,참조!$K$2:$K$30,IF(참조!$L$2:$L$30<>"",참조!$L$2:$L$30,참조!$M$2:$M$30),""),_xlpm.n,IF(OR($C9="SK",$C9="SKT"),"SKT",$C9),_xlpm.k,SUBSTITUTE(S$3,"GB","G"),_xlpm.s,_xlfn.XLOOKUP(_xlpm.k,참조!$F$2:$F$15,참조!$B$2:$B$15,""),_xlpm.v,_xlfn.XLOOKUP(_xlpm.k,참조!$F$2:$F$15,참조!$D$2:$D$15,""),_xlpm.t,_xlfn.XLOOKUP(_xlpm.k,참조!$F$2:$F$15,참조!$E$2:$E$15,""),_xlpm.x,_xlfn._xlws.FILTER(_xlpm.d,(INDEX(_xlpm.d,,1)=_xlpm.p)*(INDEX(_xlpm.d,,3)=_xlpm.v)*(INDEX(_xlpm.d,,4)=_xlpm.t)*(INDEX(_xlpm.d,,5)=_xlpm.s)*(INDEX(_xlpm.d,,6)=_xlpm.n)*(INDEX(_xlpm.d,,11)="RS")),_xlpm.y,_xlfn.SORTBY(_xlpm.x,INDEX(_xlpm.x,,8),1,IF(INDEX(_xlpm.x,,9)="",1E+99,INDEX(_xlpm.x,,9)),-1,IF(INDEX(_xlpm.x,,10)="",0,INDEX(_xlpm.x,,10)),1),IFERROR(_xlfn.CHOOSECOLS(_xlfn.TAKE(_xlpm.y,1),8,9,10),""))} | V9: {=_xlfn.LET(_xlpm.d,'페이백 미포함'!$A$2:$K$2061,_xlpm.p,_xlfn.XLOOKUP($B9,참조!$K$2:$K$30,IF(참조!$L$2:$L$30<>"",참조!$L$2:$L$30,참조!$M$2:$M$30),""),_xlpm.n,IF(OR($C9="SK",$C9="SKT"),"SKT",$C9),_xlpm.k,SUBSTITUTE(V$3,"GB","G"),_xlpm.s,_xlfn.XLOOKUP(_xlpm.k,참조!$F$2:$F$15,참조!$B$2:$B$15,""),_xlpm.v,_xlfn.XLOOKUP(_xlpm.k,참조!$F$2:$F$15,참조!$D$2:$D$15,""),_xlpm.t,_xlfn.XLOOKUP(_xlpm.k,참조!$F$2:$F$15,참조!$E$2:$E$15,""),_xlpm.x,_xlfn._xlws.FILTER(_xlpm.d,(INDEX(_xlpm.d,,1)=_xlpm.p)*(INDEX(_xlpm.d,,3)=_xlpm.v)*(INDEX(_xlpm.d,,4)=_xlpm.t)*(INDEX(_xlpm.d,,5)=_xlpm.s)*(INDEX(_xlpm.d,,6)=_xlpm.n)*(INDEX(_xlpm.d,,11)="RS")),_xlpm.y,_xlfn.SORTBY(_xlpm.x,INDEX(_xlpm.x,,8),1,IF(INDEX(_xlpm.x,,9)="",1E+99,INDEX(_xlpm.x,,9)),-1,IF(INDEX(_xlpm.x,,10)="",0,INDEX(_xlpm.x,,10)),1),IFERROR(_xlfn.CHOOSECOLS(_xlfn.TAKE(_xlpm.y,1),8,9,10),""))} | Y9: {=_xlfn.LET(_xlpm.d,'페이백 미포함'!$A$2:$K$2061,_xlpm.p,_xlfn.XLOOKUP($B9,참조!$K$2:$K$30,IF(참조!$L$2:$L$30<>"",참조!$L$2:$L$30,참조!$M$2:$M$30),""),_xlpm.n,IF(OR($C9="SK",$C9="SKT"),"SKT",$C9),_xlpm.k,SUBSTITUTE(Y$3,"GB","G"),_xlpm.s,_xlfn.XLOOKUP(_xlpm.k,참조!$F$2:$F$15,참조!$B$2:$B$15,""),_xlpm.v,_xlfn.XLOOKUP(_xlpm.k,참조!$F$2:$F$15,참조!$D$2:$D$15,""),_xlpm.t,_xlfn.XLOOKUP(_xlpm.k,참조!$F$2:$F$15,참조!$E$2:$E$15,""),_xlpm.x,_xlfn._xlws.FILTER(_xlpm.d,(INDEX(_xlpm.d,,1)=_xlpm.p)*(INDEX(_xlpm.d,,3)=_xlpm.v)*(INDEX(_xlpm.d,,4)=_xlpm.t)*(INDEX(_xlpm.d,,5)=_xlpm.s)*(INDEX(_xlpm.d,,6)=_xlpm.n)*(INDEX(_xlpm.d,,11)="RS")),_xlpm.y,_xlfn.SORTBY(_xlpm.x,INDEX(_xlpm.x,,8),1,IF(INDEX(_xlpm.x,,9)="",1E+99,INDEX(_xlpm.x,,9)),-1,IF(INDEX(_xlpm.x,,10)="",0,INDEX(_xlpm.x,,10)),1),IFERROR(_xlfn.CHOOSECOLS(_xlfn.TAKE(_xlpm.y,1),8,9,10),""))}
B10: =B9 | C10: LG U+ | D10: {=_xlfn.LET(_xlpm.d,'페이백 미포함'!$A$2:$K$2061,_xlpm.p,_xlfn.XLOOKUP($B10,참조!$K$2:$K$30,IF(참조!$L$2:$L$30<>"",참조!$L$2:$L$30,참조!$M$2:$M$30),""),_xlpm.n,IF(OR($C10="SK",$C10="SKT"),"SKT",$C10),_xlpm.k,SUBSTITUTE(D$3,"GB","G"),_xlpm.s,_xlfn.XLOOKUP(_xlpm.k,참조!$F$2:$F$15,참조!$B$2:$B$15,""),_xlpm.v,_xlfn.XLOOKUP(_xlpm.k,참조!$F$2:$F$15,참조!$D$2:$D$15,""),_xlpm.t,_xlfn.XLOOKUP(_xlpm.k,참조!$F$2:$F$15,참조!$E$2:$E$15,""),_xlpm.x,_xlfn._xlws.FILTER(_xlpm.d,(INDEX(_xlpm.d,,1)=_xlpm.p)*(INDEX(_xlpm.d,,3)=_xlpm.v)*(INDEX(_xlpm.d,,4)=_xlpm.t)*(INDEX(_xlpm.d,,5)=_xlpm.s)*(INDEX(_xlpm.d,,6)=_xlpm.n)*(INDEX(_xlpm.d,,11)="RS")),_xlpm.y,_xlfn.SORTBY(_xlpm.x,INDEX(_xlpm.x,,8),1,IF(INDEX(_xlpm.x,,9)="",1E+99,INDEX(_xlpm.x,,9)),-1,IF(INDEX(_xlpm.x,,10)="",0,INDEX(_xlpm.x,,10)),1),IFERROR(_xlfn.CHOOSECOLS(_xlfn.TAKE(_xlpm.y,1),8,9,10),""))} | E10: 7 | F10: 26400 | G10: {=_xlfn.LET(_xlpm.d,'페이백 미포함'!$A$2:$K$2061,_xlpm.p,_xlfn.XLOOKUP($B10,참조!$K$2:$K$30,IF(참조!$L$2:$L$30<>"",참조!$L$2:$L$30,참조!$M$2:$M$30),""),_xlpm.n,IF(OR($C10="SK",$C10="SKT"),"SKT",$C10),_xlpm.k,SUBSTITUTE(G$3,"GB","G"),_xlpm.s,_xlfn.XLOOKUP(_xlpm.k,참조!$F$2:$F$15,참조!$B$2:$B$15,""),_xlpm.v,_xlfn.XLOOKUP(_xlpm.k,참조!$F$2:$F$15,참조!$D$2:$D$15,""),_xlpm.t,_xlfn.XLOOKUP(_xlpm.k,참조!$F$2:$F$15,참조!$E$2:$E$15,""),_xlpm.x,_xlfn._xlws.FILTER(_xlpm.d,(INDEX(_xlpm.d,,1)=_xlpm.p)*(INDEX(_xlpm.d,,3)=_xlpm.v)*(INDEX(_xlpm.d,,4)=_xlpm.t)*(INDEX(_xlpm.d,,5)=_xlpm.s)*(INDEX(_xlpm.d,,6)=_xlpm.n)*(INDEX(_xlpm.d,,11)="RS")),_xlpm.y,_xlfn.SORTBY(_xlpm.x,INDEX(_xlpm.x,,8),1,IF(INDEX(_xlpm.x,,9)="",1E+99,INDEX(_xlpm.x,,9)),-1,IF(INDEX(_xlpm.x,,10)="",0,INDEX(_xlpm.x,,10)),1),IFERROR(_xlfn.CHOOSECOLS(_xlfn.TAKE(_xlpm.y,1),8,9,10),""))} | H10: 7 | I10: 36300 | J10: {=_xlfn.LET(_xlpm.d,'페이백 미포함'!$A$2:$K$2061,_xlpm.p,_xlfn.XLOOKUP($B10,참조!$K$2:$K$30,IF(참조!$L$2:$L$30<>"",참조!$L$2:$L$30,참조!$M$2:$M$30),""),_xlpm.n,IF(OR($C10="SK",$C10="SKT"),"SKT",$C10),_xlpm.k,SUBSTITUTE(J$3,"GB","G"),_xlpm.s,_xlfn.XLOOKUP(_xlpm.k,참조!$F$2:$F$15,참조!$B$2:$B$15,""),_xlpm.v,_xlfn.XLOOKUP(_xlpm.k,참조!$F$2:$F$15,참조!$D$2:$D$15,""),_xlpm.t,_xlfn.XLOOKUP(_xlpm.k,참조!$F$2:$F$15,참조!$E$2:$E$15,""),_xlpm.x,_xlfn._xlws.FILTER(_xlpm.d,(INDEX(_xlpm.d,,1)=_xlpm.p)*(INDEX(_xlpm.d,,3)=_xlpm.v)*(INDEX(_xlpm.d,,4)=_xlpm.t)*(INDEX(_xlpm.d,,5)=_xlpm.s)*(INDEX(_xlpm.d,,6)=_xlpm.n)*(INDEX(_xlpm.d,,11)="RS")),_xlpm.y,_xlfn.SORTBY(_xlpm.x,INDEX(_xlpm.x,,8),1,IF(INDEX(_xlpm.x,,9)="",1E+99,INDEX(_xlpm.x,,9)),-1,IF(INDEX(_xlpm.x,,10)="",0,INDEX(_xlpm.x,,10)),1),IFERROR(_xlfn.CHOOSECOLS(_xlfn.TAKE(_xlpm.y,1),8,9,10),""))} | K10: 7 | L10: 40000 | M10: {=_xlfn.LET(_xlpm.d,'페이백 미포함'!$A$2:$K$2061,_xlpm.p,_xlfn.XLOOKUP($B10,참조!$K$2:$K$30,IF(참조!$L$2:$L$30<>"",참조!$L$2:$L$30,참조!$M$2:$M$30),""),_xlpm.n,IF(OR($C10="SK",$C10="SKT"),"SKT",$C10),_xlpm.k,SUBSTITUTE(M$3,"GB","G"),_xlpm.s,_xlfn.XLOOKUP(_xlpm.k,참조!$F$2:$F$15,참조!$B$2:$B$15,""),_xlpm.v,_xlfn.XLOOKUP(_xlpm.k,참조!$F$2:$F$15,참조!$D$2:$D$15,""),_xlpm.t,_xlfn.XLOOKUP(_xlpm.k,참조!$F$2:$F$15,참조!$E$2:$E$15,""),_xlpm.x,_xlfn._xlws.FILTER(_xlpm.d,(INDEX(_xlpm.d,,1)=_xlpm.p)*(INDEX(_xlpm.d,,3)=_xlpm.v)*(INDEX(_xlpm.d,,4)=_xlpm.t)*(INDEX(_xlpm.d,,5)=_xlpm.s)*(INDEX(_xlpm.d,,6)=_xlpm.n)*(INDEX(_xlpm.d,,11)="RS")),_xlpm.y,_xlfn.SORTBY(_xlpm.x,INDEX(_xlpm.x,,8),1,IF(INDEX(_xlpm.x,,9)="",1E+99,INDEX(_xlpm.x,,9)),-1,IF(INDEX(_xlpm.x,,10)="",0,INDEX(_xlpm.x,,10)),1),IFERROR(_xlfn.CHOOSECOLS(_xlfn.TAKE(_xlpm.y,1),8,9,10),""))} | N10: 7 | O10: 48400 | P10: {=_xlfn.LET(_xlpm.d,'페이백 미포함'!$A$2:$K$2061,_xlpm.p,_xlfn.XLOOKUP($B10,참조!$K$2:$K$30,IF(참조!$L$2:$L$30<>"",참조!$L$2:$L$30,참조!$M$2:$M$30),""),_xlpm.n,IF(OR($C10="SK",$C10="SKT"),"SKT",$C10),_xlpm.k,SUBSTITUTE(P$3,"GB","G"),_xlpm.s,_xlfn.XLOOKUP(_xlpm.k,참조!$F$2:$F$15,참조!$B$2:$B$15,""),_xlpm.v,_xlfn.XLOOKUP(_xlpm.k,참조!$F$2:$F$15,참조!$D$2:$D$15,""),_xlpm.t,_xlfn.XLOOKUP(_xlpm.k,참조!$F$2:$F$15,참조!$E$2:$E$15,""),_xlpm.x,_xlfn._xlws.FILTER(_xlpm.d,(INDEX(_xlpm.d,,1)=_xlpm.p)*(INDEX(_xlpm.d,,3)=_xlpm.v)*(INDEX(_xlpm.d,,4)=_xlpm.t)*(INDEX(_xlpm.d,,5)=_xlpm.s)*(INDEX(_xlpm.d,,6)=_xlpm.n)*(INDEX(_xlpm.d,,11)="RS")),_xlpm.y,_xlfn.SORTBY(_xlpm.x,INDEX(_xlpm.x,,8),1,IF(INDEX(_xlpm.x,,9)="",1E+99,INDEX(_xlpm.x,,9)),-1,IF(INDEX(_xlpm.x,,10)="",0,INDEX(_xlpm.x,,10)),1),IFERROR(_xlfn.CHOOSECOLS(_xlfn.TAKE(_xlpm.y,1),8,9,10),""))} | Q10: 7 | R10: 53900 | S10: {=_xlfn.LET(_xlpm.d,'페이백 미포함'!$A$2:$K$2061,_xlpm.p,_xlfn.XLOOKUP($B10,참조!$K$2:$K$30,IF(참조!$L$2:$L$30<>"",참조!$L$2:$L$30,참조!$M$2:$M$30),""),_xlpm.n,IF(OR($C10="SK",$C10="SKT"),"SKT",$C10),_xlpm.k,SUBSTITUTE(S$3,"GB","G"),_xlpm.s,_xlfn.XLOOKUP(_xlpm.k,참조!$F$2:$F$15,참조!$B$2:$B$15,""),_xlpm.v,_xlfn.XLOOKUP(_xlpm.k,참조!$F$2:$F$15,참조!$D$2:$D$15,""),_xlpm.t,_xlfn.XLOOKUP(_xlpm.k,참조!$F$2:$F$15,참조!$E$2:$E$15,""),_xlpm.x,_xlfn._xlws.FILTER(_xlpm.d,(INDEX(_xlpm.d,,1)=_xlpm.p)*(INDEX(_xlpm.d,,3)=_xlpm.v)*(INDEX(_xlpm.d,,4)=_xlpm.t)*(INDEX(_xlpm.d,,5)=_xlpm.s)*(INDEX(_xlpm.d,,6)=_xlpm.n)*(INDEX(_xlpm.d,,11)="RS")),_xlpm.y,_xlfn.SORTBY(_xlpm.x,INDEX(_xlpm.x,,8),1,IF(INDEX(_xlpm.x,,9)="",1E+99,INDEX(_xlpm.x,,9)),-1,IF(INDEX(_xlpm.x,,10)="",0,INDEX(_xlpm.x,,10)),1),IFERROR(_xlfn.CHOOSECOLS(_xlfn.TAKE(_xlpm.y,1),8,9,10),""))} | T10: 7 | U10: 51700 | V10: {=_xlfn.LET(_xlpm.d,'페이백 미포함'!$A$2:$K$2061,_xlpm.p,_xlfn.XLOOKUP($B10,참조!$K$2:$K$30,IF(참조!$L$2:$L$30<>"",참조!$L$2:$L$30,참조!$M$2:$M$30),""),_xlpm.n,IF(OR($C10="SK",$C10="SKT"),"SKT",$C10),_xlpm.k,SUBSTITUTE(V$3,"GB","G"),_xlpm.s,_xlfn.XLOOKUP(_xlpm.k,참조!$F$2:$F$15,참조!$B$2:$B$15,""),_xlpm.v,_xlfn.XLOOKUP(_xlpm.k,참조!$F$2:$F$15,참조!$D$2:$D$15,""),_xlpm.t,_xlfn.XLOOKUP(_xlpm.k,참조!$F$2:$F$15,참조!$E$2:$E$15,""),_xlpm.x,_xlfn._xlws.FILTER(_xlpm.d,(INDEX(_xlpm.d,,1)=_xlpm.p)*(INDEX(_xlpm.d,,3)=_xlpm.v)*(INDEX(_xlpm.d,,4)=_xlpm.t)*(INDEX(_xlpm.d,,5)=_xlpm.s)*(INDEX(_xlpm.d,,6)=_xlpm.n)*(INDEX(_xlpm.d,,11)="RS")),_xlpm.y,_xlfn.SORTBY(_xlpm.x,INDEX(_xlpm.x,,8),1,IF(INDEX(_xlpm.x,,9)="",1E+99,INDEX(_xlpm.x,,9)),-1,IF(INDEX(_xlpm.x,,10)="",0,INDEX(_xlpm.x,,10)),1),IFERROR(_xlfn.CHOOSECOLS(_xlfn.TAKE(_xlpm.y,1),8,9,10),""))} | W10: 7 | X10: 53900 | Y10: {=_xlfn.LET(_xlpm.d,'페이백 미포함'!$A$2:$K$2061,_xlpm.p,_xlfn.XLOOKUP($B10,참조!$K$2:$K$30,IF(참조!$L$2:$L$30<>"",참조!$L$2:$L$30,참조!$M$2:$M$30),""),_xlpm.n,IF(OR($C10="SK",$C10="SKT"),"SKT",$C10),_xlpm.k,SUBSTITUTE(Y$3,"GB","G"),_xlpm.s,_xlfn.XLOOKUP(_xlpm.k,참조!$F$2:$F$15,참조!$B$2:$B$15,""),_xlpm.v,_xlfn.XLOOKUP(_xlpm.k,참조!$F$2:$F$15,참조!$D$2:$D$15,""),_xlpm.t,_xlfn.XLOOKUP(_xlpm.k,참조!$F$2:$F$15,참조!$E$2:$E$15,""),_xlpm.x,_xlfn._xlws.FILTER(_xlpm.d,(INDEX(_xlpm.d,,1)=_xlpm.p)*(INDEX(_xlpm.d,,3)=_xlpm.v)*(INDEX(_xlpm.d,,4)=_xlpm.t)*(INDEX(_xlpm.d,,5)=_xlpm.s)*(INDEX(_xlpm.d,,6)=_xlpm.n)*(INDEX(_xlpm.d,,11)="RS")),_xlpm.y,_xlfn.SORTBY(_xlpm.x,INDEX(_xlpm.x,,8),1,IF(INDEX(_xlpm.x,,9)="",1E+99,INDEX(_xlpm.x,,9)),-1,IF(INDEX(_xlpm.x,,10)="",0,INDEX(_xlpm.x,,10)),1),IFERROR(_xlfn.CHOOSECOLS(_xlfn.TAKE(_xlpm.y,1),8,9,10),""))} | Z10: 7 | AA10: 63800
B11: 큰사람 | C11: SK | D11: {=_xlfn.LET(_xlpm.d,'페이백 미포함'!$A$2:$K$2061,_xlpm.p,_xlfn.XLOOKUP($B11,참조!$K$2:$K$30,IF(참조!$L$2:$L$30<>"",참조!$L$2:$L$30,참조!$M$2:$M$30),""),_xlpm.n,IF(OR($C11="SK",$C11="SKT"),"SKT",$C11),_xlpm.k,SUBSTITUTE(D$3,"GB","G"),_xlpm.s,_xlfn.XLOOKUP(_xlpm.k,참조!$F$2:$F$15,참조!$B$2:$B$15,""),_xlpm.v,_xlfn.XLOOKUP(_xlpm.k,참조!$F$2:$F$15,참조!$D$2:$D$15,""),_xlpm.t,_xlfn.XLOOKUP(_xlpm.k,참조!$F$2:$F$15,참조!$E$2:$E$15,""),_xlpm.x,_xlfn._xlws.FILTER(_xlpm.d,(INDEX(_xlpm.d,,1)=_xlpm.p)*(INDEX(_xlpm.d,,3)=_xlpm.v)*(INDEX(_xlpm.d,,4)=_xlpm.t)*(INDEX(_xlpm.d,,5)=_xlpm.s)*(INDEX(_xlpm.d,,6)=_xlpm.n)*(INDEX(_xlpm.d,,11)="RS")),_xlpm.y,_xlfn.SORTBY(_xlpm.x,INDEX(_xlpm.x,,8),1,IF(INDEX(_xlpm.x,,9)="",1E+99,INDEX(_xlpm.x,,9)),-1,IF(INDEX(_xlpm.x,,10)="",0,INDEX(_xlpm.x,,10)),1),IFERROR(_xlfn.CHOOSECOLS(_xlfn.TAKE(_xlpm.y,1),8,9,10),""))} | E11: 7 | F11: 24200 | G11: {=_xlfn.LET(_xlpm.d,'페이백 미포함'!$A$2:$K$2061,_xlpm.p,_xlfn.XLOOKUP($B11,참조!$K$2:$K$30,IF(참조!$L$2:$L$30<>"",참조!$L$2:$L$30,참조!$M$2:$M$30),""),_xlpm.n,IF(OR($C11="SK",$C11="SKT"),"SKT",$C11),_xlpm.k,SUBSTITUTE(G$3,"GB","G"),_xlpm.s,_xlfn.XLOOKUP(_xlpm.k,참조!$F$2:$F$15,참조!$B$2:$B$15,""),_xlpm.v,_xlfn.XLOOKUP(_xlpm.k,참조!$F$2:$F$15,참조!$D$2:$D$15,""),_xlpm.t,_xlfn.XLOOKUP(_xlpm.k,참조!$F$2:$F$15,참조!$E$2:$E$15,""),_xlpm.x,_xlfn._xlws.FILTER(_xlpm.d,(INDEX(_xlpm.d,,1)=_xlpm.p)*(INDEX(_xlpm.d,,3)=_xlpm.v)*(INDEX(_xlpm.d,,4)=_xlpm.t)*(INDEX(_xlpm.d,,5)=_xlpm.s)*(INDEX(_xlpm.d,,6)=_xlpm.n)*(INDEX(_xlpm.d,,11)="RS")),_xlpm.y,_xlfn.SORTBY(_xlpm.x,INDEX(_xlpm.x,,8),1,IF(INDEX(_xlpm.x,,9)="",1E+99,INDEX(_xlpm.x,,9)),-1,IF(INDEX(_xlpm.x,,10)="",0,INDEX(_xlpm.x,,10)),1),IFERROR(_xlfn.CHOOSECOLS(_xlfn.TAKE(_xlpm.y,1),8,9,10),""))} | H11: 7 | I11: 31900 | J11: {=_xlfn.LET(_xlpm.d,'페이백 미포함'!$A$2:$K$2061,_xlpm.p,_xlfn.XLOOKUP($B11,참조!$K$2:$K$30,IF(참조!$L$2:$L$30<>"",참조!$L$2:$L$30,참조!$M$2:$M$30),""),_xlpm.n,IF(OR($C11="SK",$C11="SKT"),"SKT",$C11),_xlpm.k,SUBSTITUTE(J$3,"GB","G"),_xlpm.s,_xlfn.XLOOKUP(_xlpm.k,참조!$F$2:$F$15,참조!$B$2:$B$15,""),_xlpm.v,_xlfn.XLOOKUP(_xlpm.k,참조!$F$2:$F$15,참조!$D$2:$D$15,""),_xlpm.t,_xlfn.XLOOKUP(_xlpm.k,참조!$F$2:$F$15,참조!$E$2:$E$15,""),_xlpm.x,_xlfn._xlws.FILTER(_xlpm.d,(INDEX(_xlpm.d,,1)=_xlpm.p)*(INDEX(_xlpm.d,,3)=_xlpm.v)*(INDEX(_xlpm.d,,4)=_xlpm.t)*(INDEX(_xlpm.d,,5)=_xlpm.s)*(INDEX(_xlpm.d,,6)=_xlpm.n)*(INDEX(_xlpm.d,,11)="RS")),_xlpm.y,_xlfn.SORTBY(_xlpm.x,INDEX(_xlpm.x,,8),1,IF(INDEX(_xlpm.x,,9)="",1E+99,INDEX(_xlpm.x,,9)),-1,IF(INDEX(_xlpm.x,,10)="",0,INDEX(_xlpm.x,,10)),1),IFERROR(_xlfn.CHOOSECOLS(_xlfn.TAKE(_xlpm.y,1),8,9,10),""))} | K11: 7 | L11: 36300 | M11: {=_xlfn.LET(_xlpm.d,'페이백 미포함'!$A$2:$K$2061,_xlpm.p,_xlfn.XLOOKUP($B11,참조!$K$2:$K$30,IF(참조!$L$2:$L$30<>"",참조!$L$2:$L$30,참조!$M$2:$M$30),""),_xlpm.n,IF(OR($C11="SK",$C11="SKT"),"SKT",$C11),_xlpm.k,SUBSTITUTE(M$3,"GB","G"),_xlpm.s,_xlfn.XLOOKUP(_xlpm.k,참조!$F$2:$F$15,참조!$B$2:$B$15,""),_xlpm.v,_xlfn.XLOOKUP(_xlpm.k,참조!$F$2:$F$15,참조!$D$2:$D$15,""),_xlpm.t,_xlfn.XLOOKUP(_xlpm.k,참조!$F$2:$F$15,참조!$E$2:$E$15,""),_xlpm.x,_xlfn._xlws.FILTER(_xlpm.d,(INDEX(_xlpm.d,,1)=_xlpm.p)*(INDEX(_xlpm.d,,3)=_xlpm.v)*(INDEX(_xlpm.d,,4)=_xlpm.t)*(INDEX(_xlpm.d,,5)=_xlpm.s)*(INDEX(_xlpm.d,,6)=_xlpm.n)*(INDEX(_xlpm.d,,11)="RS")),_xlpm.y,_xlfn.SORTBY(_xlpm.x,INDEX(_xlpm.x,,8),1,IF(INDEX(_xlpm.x,,9)="",1E+99,INDEX(_xlpm.x,,9)),-1,IF(INDEX(_xlpm.x,,10)="",0,INDEX(_xlpm.x,,10)),1),IFERROR(_xlfn.CHOOSECOLS(_xlfn.TAKE(_xlpm.y,1),8,9,10),""))} | N11: 7 | O11: 39600 | P11: {=_xlfn.LET(_xlpm.d,'페이백 미포함'!$A$2:$K$2061,_xlpm.p,_xlfn.XLOOKUP($B11,참조!$K$2:$K$30,IF(참조!$L$2:$L$30<>"",참조!$L$2:$L$30,참조!$M$2:$M$30),""),_xlpm.n,IF(OR($C11="SK",$C11="SKT"),"SKT",$C11),_xlpm.k,SUBSTITUTE(P$3,"GB","G"),_xlpm.s,_xlfn.XLOOKUP(_xlpm.k,참조!$F$2:$F$15,참조!$B$2:$B$15,""),_xlpm.v,_xlfn.XLOOKUP(_xlpm.k,참조!$F$2:$F$15,참조!$D$2:$D$15,""),_xlpm.t,_xlfn.XLOOKUP(_xlpm.k,참조!$F$2:$F$15,참조!$E$2:$E$15,""),_xlpm.x,_xlfn._xlws.FILTER(_xlpm.d,(INDEX(_xlpm.d,,1)=_xlpm.p)*(INDEX(_xlpm.d,,3)=_xlpm.v)*(INDEX(_xlpm.d,,4)=_xlpm.t)*(INDEX(_xlpm.d,,5)=_xlpm.s)*(INDEX(_xlpm.d,,6)=_xlpm.n)*(INDEX(_xlpm.d,,11)="RS")),_xlpm.y,_xlfn.SORTBY(_xlpm.x,INDEX(_xlpm.x,,8),1,IF(INDEX(_xlpm.x,,9)="",1E+99,INDEX(_xlpm.x,,9)),-1,IF(INDEX(_xlpm.x,,10)="",0,INDEX(_xlpm.x,,10)),1),IFERROR(_xlfn.CHOOSECOLS(_xlfn.TAKE(_xlpm.y,1),8,9,10),""))} | Q11: 7 | R11: 49500 | S11: {=_xlfn.LET(_xlpm.d,'페이백 미포함'!$A$2:$K$2061,_xlpm.p,_xlfn.XLOOKUP($B11,참조!$K$2:$K$30,IF(참조!$L$2:$L$30<>"",참조!$L$2:$L$30,참조!$M$2:$M$30),""),_xlpm.n,IF(OR($C11="SK",$C11="SKT"),"SKT",$C11),_xlpm.k,SUBSTITUTE(S$3,"GB","G"),_xlpm.s,_xlfn.XLOOKUP(_xlpm.k,참조!$F$2:$F$15,참조!$B$2:$B$15,""),_xlpm.v,_xlfn.XLOOKUP(_xlpm.k,참조!$F$2:$F$15,참조!$D$2:$D$15,""),_xlpm.t,_xlfn.XLOOKUP(_xlpm.k,참조!$F$2:$F$15,참조!$E$2:$E$15,""),_xlpm.x,_xlfn._xlws.FILTER(_xlpm.d,(INDEX(_xlpm.d,,1)=_xlpm.p)*(INDEX(_xlpm.d,,3)=_xlpm.v)*(INDEX(_xlpm.d,,4)=_xlpm.t)*(INDEX(_xlpm.d,,5)=_xlpm.s)*(INDEX(_xlpm.d,,6)=_xlpm.n)*(INDEX(_xlpm.d,,11)="RS")),_xlpm.y,_xlfn.SORTBY(_xlpm.x,INDEX(_xlpm.x,,8),1,IF(INDEX(_xlpm.x,,9)="",1E+99,INDEX(_xlpm.x,,9)),-1,IF(INDEX(_xlpm.x,,10)="",0,INDEX(_xlpm.x,,10)),1),IFERROR(_xlfn.CHOOSECOLS(_xlfn.TAKE(_xlpm.y,1),8,9,10),""))} | V11: {=_xlfn.LET(_xlpm.d,'페이백 미포함'!$A$2:$K$2061,_xlpm.p,_xlfn.XLOOKUP($B11,참조!$K$2:$K$30,IF(참조!$L$2:$L$30<>"",참조!$L$2:$L$30,참조!$M$2:$M$30),""),_xlpm.n,IF(OR($C11="SK",$C11="SKT"),"SKT",$C11),_xlpm.k,SUBSTITUTE(V$3,"GB","G"),_xlpm.s,_xlfn.XLOOKUP(_xlpm.k,참조!$F$2:$F$15,참조!$B$2:$B$15,""),_xlpm.v,_xlfn.XLOOKUP(_xlpm.k,참조!$F$2:$F$15,참조!$D$2:$D$15,""),_xlpm.t,_xlfn.XLOOKUP(_xlpm.k,참조!$F$2:$F$15,참조!$E$2:$E$15,""),_xlpm.x,_xlfn._xlws.FILTER(_xlpm.d,(INDEX(_xlpm.d,,1)=_xlpm.p)*(INDEX(_xlpm.d,,3)=_xlpm.v)*(INDEX(_xlpm.d,,4)=_xlpm.t)*(INDEX(_xlpm.d,,5)=_xlpm.s)*(INDEX(_xlpm.d,,6)=_xlpm.n)*(INDEX(_xlpm.d,,11)="RS")),_xlpm.y,_xlfn.SORTBY(_xlpm.x,INDEX(_xlpm.x,,8),1,IF(INDEX(_xlpm.x,,9)="",1E+99,INDEX(_xlpm.x,,9)),-1,IF(INDEX(_xlpm.x,,10)="",0,INDEX(_xlpm.x,,10)),1),IFERROR(_xlfn.CHOOSECOLS(_xlfn.TAKE(_xlpm.y,1),8,9,10),""))} | Y11: {=_xlfn.LET(_xlpm.d,'페이백 미포함'!$A$2:$K$2061,_xlpm.p,_xlfn.XLOOKUP($B11,참조!$K$2:$K$30,IF(참조!$L$2:$L$30<>"",참조!$L$2:$L$30,참조!$M$2:$M$30),""),_xlpm.n,IF(OR($C11="SK",$C11="SKT"),"SKT",$C11),_xlpm.k,SUBSTITUTE(Y$3,"GB","G"),_xlpm.s,_xlfn.XLOOKUP(_xlpm.k,참조!$F$2:$F$15,참조!$B$2:$B$15,""),_xlpm.v,_xlfn.XLOOKUP(_xlpm.k,참조!$F$2:$F$15,참조!$D$2:$D$15,""),_xlpm.t,_xlfn.XLOOKUP(_xlpm.k,참조!$F$2:$F$15,참조!$E$2:$E$15,""),_xlpm.x,_xlfn._xlws.FILTER(_xlpm.d,(INDEX(_xlpm.d,,1)=_xlpm.p)*(INDEX(_xlpm.d,,3)=_xlpm.v)*(INDEX(_xlpm.d,,4)=_xlpm.t)*(INDEX(_xlpm.d,,5)=_xlpm.s)*(INDEX(_xlpm.d,,6)=_xlpm.n)*(INDEX(_xlpm.d,,11)="RS")),_xlpm.y,_xlfn.SORTBY(_xlpm.x,INDEX(_xlpm.x,,8),1,IF(INDEX(_xlpm.x,,9)="",1E+99,INDEX(_xlpm.x,,9)),-1,IF(INDEX(_xlpm.x,,10)="",0,INDEX(_xlpm.x,,10)),1),IFERROR(_xlfn.CHOOSECOLS(_xlfn.TAKE(_xlpm.y,1),8,9,10),""))}
B12: =B11 | C12: KT | D12: {=_xlfn.LET(_xlpm.d,'페이백 미포함'!$A$2:$K$2061,_xlpm.p,_xlfn.XLOOKUP($B12,참조!$K$2:$K$30,IF(참조!$L$2:$L$30<>"",참조!$L$2:$L$30,참조!$M$2:$M$30),""),_xlpm.n,IF(OR($C12="SK",$C12="SKT"),"SKT",$C12),_xlpm.k,SUBSTITUTE(D$3,"GB","G"),_xlpm.s,_xlfn.XLOOKUP(_xlpm.k,참조!$F$2:$F$15,참조!$B$2:$B$15,""),_xlpm.v,_xlfn.XLOOKUP(_xlpm.k,참조!$F$2:$F$15,참조!$D$2:$D$15,""),_xlpm.t,_xlfn.XLOOKUP(_xlpm.k,참조!$F$2:$F$15,참조!$E$2:$E$15,""),_xlpm.x,_xlfn._xlws.FILTER(_xlpm.d,(INDEX(_xlpm.d,,1)=_xlpm.p)*(INDEX(_xlpm.d,,3)=_xlpm.v)*(INDEX(_xlpm.d,,4)=_xlpm.t)*(INDEX(_xlpm.d,,5)=_xlpm.s)*(INDEX(_xlpm.d,,6)=_xlpm.n)*(INDEX(_xlpm.d,,11)="RS")),_xlpm.y,_xlfn.SORTBY(_xlpm.x,INDEX(_xlpm.x,,8),1,IF(INDEX(_xlpm.x,,9)="",1E+99,INDEX(_xlpm.x,,9)),-1,IF(INDEX(_xlpm.x,,10)="",0,INDEX(_xlpm.x,,10)),1),IFERROR(_xlfn.CHOOSECOLS(_xlfn.TAKE(_xlpm.y,1),8,9,10),""))} | E12: 7 | F12: 24200 | G12: {=_xlfn.LET(_xlpm.d,'페이백 미포함'!$A$2:$K$2061,_xlpm.p,_xlfn.XLOOKUP($B12,참조!$K$2:$K$30,IF(참조!$L$2:$L$30<>"",참조!$L$2:$L$30,참조!$M$2:$M$30),""),_xlpm.n,IF(OR($C12="SK",$C12="SKT"),"SKT",$C12),_xlpm.k,SUBSTITUTE(G$3,"GB","G"),_xlpm.s,_xlfn.XLOOKUP(_xlpm.k,참조!$F$2:$F$15,참조!$B$2:$B$15,""),_xlpm.v,_xlfn.XLOOKUP(_xlpm.k,참조!$F$2:$F$15,참조!$D$2:$D$15,""),_xlpm.t,_xlfn.XLOOKUP(_xlpm.k,참조!$F$2:$F$15,참조!$E$2:$E$15,""),_xlpm.x,_xlfn._xlws.FILTER(_xlpm.d,(INDEX(_xlpm.d,,1)=_xlpm.p)*(INDEX(_xlpm.d,,3)=_xlpm.v)*(INDEX(_xlpm.d,,4)=_xlpm.t)*(INDEX(_xlpm.d,,5)=_xlpm.s)*(INDEX(_xlpm.d,,6)=_xlpm.n)*(INDEX(_xlpm.d,,11)="RS")),_xlpm.y,_xlfn.SORTBY(_xlpm.x,INDEX(_xlpm.x,,8),1,IF(INDEX(_xlpm.x,,9)="",1E+99,INDEX(_xlpm.x,,9)),-1,IF(INDEX(_xlpm.x,,10)="",0,INDEX(_xlpm.x,,10)),1),IFERROR(_xlfn.CHOOSECOLS(_xlfn.TAKE(_xlpm.y,1),8,9,10),""))} | H12: 7 | I12: 33000 | J12: {=_xlfn.LET(_xlpm.d,'페이백 미포함'!$A$2:$K$2061,_xlpm.p,_xlfn.XLOOKUP($B12,참조!$K$2:$K$30,IF(참조!$L$2:$L$30<>"",참조!$L$2:$L$30,참조!$M$2:$M$30),""),_xlpm.n,IF(OR($C12="SK",$C12="SKT"),"SKT",$C12),_xlpm.k,SUBSTITUTE(J$3,"GB","G"),_xlpm.s,_xlfn.XLOOKUP(_xlpm.k,참조!$F$2:$F$15,참조!$B$2:$B$15,""),_xlpm.v,_xlfn.XLOOKUP(_xlpm.k,참조!$F$2:$F$15,참조!$D$2:$D$15,""),_xlpm.t,_xlfn.XLOOKUP(_xlpm.k,참조!$F$2:$F$15,참조!$E$2:$E$15,""),_xlpm.x,_xlfn._xlws.FILTER(_xlpm.d,(INDEX(_xlpm.d,,1)=_xlpm.p)*(INDEX(_xlpm.d,,3)=_xlpm.v)*(INDEX(_xlpm.d,,4)=_xlpm.t)*(INDEX(_xlpm.d,,5)=_xlpm.s)*(INDEX(_xlpm.d,,6)=_xlpm.n)*(INDEX(_xlpm.d,,11)="RS")),_xlpm.y,_xlfn.SORTBY(_xlpm.x,INDEX(_xlpm.x,,8),1,IF(INDEX(_xlpm.x,,9)="",1E+99,INDEX(_xlpm.x,,9)),-1,IF(INDEX(_xlpm.x,,10)="",0,INDEX(_xlpm.x,,10)),1),IFERROR(_xlfn.CHOOSECOLS(_xlfn.TAKE(_xlpm.y,1),8,9,10),""))} | M12: {=_xlfn.LET(_xlpm.d,'페이백 미포함'!$A$2:$K$2061,_xlpm.p,_xlfn.XLOOKUP($B12,참조!$K$2:$K$30,IF(참조!$L$2:$L$30<>"",참조!$L$2:$L$30,참조!$M$2:$M$30),""),_xlpm.n,IF(OR($C12="SK",$C12="SKT"),"SKT",$C12),_xlpm.k,SUBSTITUTE(M$3,"GB","G"),_xlpm.s,_xlfn.XLOOKUP(_xlpm.k,참조!$F$2:$F$15,참조!$B$2:$B$15,""),_xlpm.v,_xlfn.XLOOKUP(_xlpm.k,참조!$F$2:$F$15,참조!$D$2:$D$15,""),_xlpm.t,_xlfn.XLOOKUP(_xlpm.k,참조!$F$2:$F$15,참조!$E$2:$E$15,""),_xlpm.x,_xlfn._xlws.FILTER(_xlpm.d,(INDEX(_xlpm.d,,1)=_xlpm.p)*(INDEX(_xlpm.d,,3)=_xlpm.v)*(INDEX(_xlpm.d,,4)=_xlpm.t)*(INDEX(_xlpm.d,,5)=_xlpm.s)*(INDEX(_xlpm.d,,6)=_xlpm.n)*(INDEX(_xlpm.d,,11)="RS")),_xlpm.y,_xlfn.SORTBY(_xlpm.x,INDEX(_xlpm.x,,8),1,IF(INDEX(_xlpm.x,,9)="",1E+99,INDEX(_xlpm.x,,9)),-1,IF(INDEX(_xlpm.x,,10)="",0,INDEX(_xlpm.x,,10)),1),IFERROR(_xlfn.CHOOSECOLS(_xlfn.TAKE(_xlpm.y,1),8,9,10),""))} | N12: 7 | O12: 40590 | P12: {=_xlfn.LET(_xlpm.d,'페이백 미포함'!$A$2:$K$2061,_xlpm.p,_xlfn.XLOOKUP($B12,참조!$K$2:$K$30,IF(참조!$L$2:$L$30<>"",참조!$L$2:$L$30,참조!$M$2:$M$30),""),_xlpm.n,IF(OR($C12="SK",$C12="SKT"),"SKT",$C12),_xlpm.k,SUBSTITUTE(P$3,"GB","G"),_xlpm.s,_xlfn.XLOOKUP(_xlpm.k,참조!$F$2:$F$15,참조!$B$2:$B$15,""),_xlpm.v,_xlfn.XLOOKUP(_xlpm.k,참조!$F$2:$F$15,참조!$D$2:$D$15,""),_xlpm.t,_xlfn.XLOOKUP(_xlpm.k,참조!$F$2:$F$15,참조!$E$2:$E$15,""),_xlpm.x,_xlfn._xlws.FILTER(_xlpm.d,(INDEX(_xlpm.d,,1)=_xlpm.p)*(INDEX(_xlpm.d,,3)=_xlpm.v)*(INDEX(_xlpm.d,,4)=_xlpm.t)*(INDEX(_xlpm.d,,5)=_xlpm.s)*(INDEX(_xlpm.d,,6)=_xlpm.n)*(INDEX(_xlpm.d,,11)="RS")),_xlpm.y,_xlfn.SORTBY(_xlpm.x,INDEX(_xlpm.x,,8),1,IF(INDEX(_xlpm.x,,9)="",1E+99,INDEX(_xlpm.x,,9)),-1,IF(INDEX(_xlpm.x,,10)="",0,INDEX(_xlpm.x,,10)),1),IFERROR(_xlfn.CHOOSECOLS(_xlfn.TAKE(_xlpm.y,1),8,9,10),""))} | Q12: 7 | R12: 49200 | S12: {=_xlfn.LET(_xlpm.d,'페이백 미포함'!$A$2:$K$2061,_xlpm.p,_xlfn.XLOOKUP($B12,참조!$K$2:$K$30,IF(참조!$L$2:$L$30<>"",참조!$L$2:$L$30,참조!$M$2:$M$30),""),_xlpm.n,IF(OR($C12="SK",$C12="SKT"),"SKT",$C12),_xlpm.k,SUBSTITUTE(S$3,"GB","G"),_xlpm.s,_xlfn.XLOOKUP(_xlpm.k,참조!$F$2:$F$15,참조!$B$2:$B$15,""),_xlpm.v,_xlfn.XLOOKUP(_xlpm.k,참조!$F$2:$F$15,참조!$D$2:$D$15,""),_xlpm.t,_xlfn.XLOOKUP(_xlpm.k,참조!$F$2:$F$15,참조!$E$2:$E$15,""),_xlpm.x,_xlfn._xlws.FILTER(_xlpm.d,(INDEX(_xlpm.d,,1)=_xlpm.p)*(INDEX(_xlpm.d,,3)=_xlpm.v)*(INDEX(_xlpm.d,,4)=_xlpm.t)*(INDEX(_xlpm.d,,5)=_xlpm.s)*(INDEX(_xlpm.d,,6)=_xlpm.n)*(INDEX(_xlpm.d,,11)="RS")),_xlpm.y,_xlfn.SORTBY(_xlpm.x,INDEX(_xlpm.x,,8),1,IF(INDEX(_xlpm.x,,9)="",1E+99,INDEX(_xlpm.x,,9)),-1,IF(INDEX(_xlpm.x,,10)="",0,INDEX(_xlpm.x,,10)),1),IFERROR(_xlfn.CHOOSECOLS(_xlfn.TAKE(_xlpm.y,1),8,9,10),""))} | V12: {=_xlfn.LET(_xlpm.d,'페이백 미포함'!$A$2:$K$2061,_xlpm.p,_xlfn.XLOOKUP($B12,참조!$K$2:$K$30,IF(참조!$L$2:$L$30<>"",참조!$L$2:$L$30,참조!$M$2:$M$30),""),_xlpm.n,IF(OR($C12="SK",$C12="SKT"),"SKT",$C12),_xlpm.k,SUBSTITUTE(V$3,"GB","G"),_xlpm.s,_xlfn.XLOOKUP(_xlpm.k,참조!$F$2:$F$15,참조!$B$2:$B$15,""),_xlpm.v,_xlfn.XLOOKUP(_xlpm.k,참조!$F$2:$F$15,참조!$D$2:$D$15,""),_xlpm.t,_xlfn.XLOOKUP(_xlpm.k,참조!$F$2:$F$15,참조!$E$2:$E$15,""),_xlpm.x,_xlfn._xlws.FILTER(_xlpm.d,(INDEX(_xlpm.d,,1)=_xlpm.p)*(INDEX(_xlpm.d,,3)=_xlpm.v)*(INDEX(_xlpm.d,,4)=_xlpm.t)*(INDEX(_xlpm.d,,5)=_xlpm.s)*(INDEX(_xlpm.d,,6)=_xlpm.n)*(INDEX(_xlpm.d,,11)="RS")),_xlpm.y,_xlfn.SORTBY(_xlpm.x,INDEX(_xlpm.x,,8),1,IF(INDEX(_xlpm.x,,9)="",1E+99,INDEX(_xlpm.x,,9)),-1,IF(INDEX(_xlpm.x,,10)="",0,INDEX(_xlpm.x,,10)),1),IFERROR(_xlfn.CHOOSECOLS(_xlfn.TAKE(_xlpm.y,1),8,9,10),""))} | Y12: {=_xlfn.LET(_xlpm.d,'페이백 미포함'!$A$2:$K$2061,_xlpm.p,_xlfn.XLOOKUP($B12,참조!$K$2:$K$30,IF(참조!$L$2:$L$30<>"",참조!$L$2:$L$30,참조!$M$2:$M$30),""),_xlpm.n,IF(OR($C12="SK",$C12="SKT"),"SKT",$C12),_xlpm.k,SUBSTITUTE(Y$3,"GB","G"),_xlpm.s,_xlfn.XLOOKUP(_xlpm.k,참조!$F$2:$F$15,참조!$B$2:$B$15,""),_xlpm.v,_xlfn.XLOOKUP(_xlpm.k,참조!$F$2:$F$15,참조!$D$2:$D$15,""),_xlpm.t,_xlfn.XLOOKUP(_xlpm.k,참조!$F$2:$F$15,참조!$E$2:$E$15,""),_xlpm.x,_xlfn._xlws.FILTER(_xlpm.d,(INDEX(_xlpm.d,,1)=_xlpm.p)*(INDEX(_xlpm.d,,3)=_xlpm.v)*(INDEX(_xlpm.d,,4)=_xlpm.t)*(INDEX(_xlpm.d,,5)=_xlpm.s)*(INDEX(_xlpm.d,,6)=_xlpm.n)*(INDEX(_xlpm.d,,11)="RS")),_xlpm.y,_xlfn.SORTBY(_xlpm.x,INDEX(_xlpm.x,,8),1,IF(INDEX(_xlpm.x,,9)="",1E+99,INDEX(_xlpm.x,,9)),-1,IF(INDEX(_xlpm.x,,10)="",0,INDEX(_xlpm.x,,10)),1),IFERROR(_xlfn.CHOOSECOLS(_xlfn.TAKE(_xlpm.y,1),8,9,10),""))}
B13: =B12 | C13: LG U+ | D13: {=_xlfn.LET(_xlpm.d,'페이백 미포함'!$A$2:$K$2061,_xlpm.p,_xlfn.XLOOKUP($B13,참조!$K$2:$K$30,IF(참조!$L$2:$L$30<>"",참조!$L$2:$L$30,참조!$M$2:$M$30),""),_xlpm.n,IF(OR($C13="SK",$C13="SKT"),"SKT",$C13),_xlpm.k,SUBSTITUTE(D$3,"GB","G"),_xlpm.s,_xlfn.XLOOKUP(_xlpm.k,참조!$F$2:$F$15,참조!$B$2:$B$15,""),_xlpm.v,_xlfn.XLOOKUP(_xlpm.k,참조!$F$2:$F$15,참조!$D$2:$D$15,""),_xlpm.t,_xlfn.XLOOKUP(_xlpm.k,참조!$F$2:$F$15,참조!$E$2:$E$15,""),_xlpm.x,_xlfn._xlws.FILTER(_xlpm.d,(INDEX(_xlpm.d,,1)=_xlpm.p)*(INDEX(_xlpm.d,,3)=_xlpm.v)*(INDEX(_xlpm.d,,4)=_xlpm.t)*(INDEX(_xlpm.d,,5)=_xlpm.s)*(INDEX(_xlpm.d,,6)=_xlpm.n)*(INDEX(_xlpm.d,,11)="RS")),_xlpm.y,_xlfn.SORTBY(_xlpm.x,INDEX(_xlpm.x,,8),1,IF(INDEX(_xlpm.x,,9)="",1E+99,INDEX(_xlpm.x,,9)),-1,IF(INDEX(_xlpm.x,,10)="",0,INDEX(_xlpm.x,,10)),1),IFERROR(_xlfn.CHOOSECOLS(_xlfn.TAKE(_xlpm.y,1),8,9,10),""))} | E13: 7 | F13: 24200 | G13: {=_xlfn.LET(_xlpm.d,'페이백 미포함'!$A$2:$K$2061,_xlpm.p,_xlfn.XLOOKUP($B13,참조!$K$2:$K$30,IF(참조!$L$2:$L$30<>"",참조!$L$2:$L$30,참조!$M$2:$M$30),""),_xlpm.n,IF(OR($C13="SK",$C13="SKT"),"SKT",$C13),_xlpm.k,SUBSTITUTE(G$3,"GB","G"),_xlpm.s,_xlfn.XLOOKUP(_xlpm.k,참조!$F$2:$F$15,참조!$B$2:$B$15,""),_xlpm.v,_xlfn.XLOOKUP(_xlpm.k,참조!$F$2:$F$15,참조!$D$2:$D$15,""),_xlpm.t,_xlfn.XLOOKUP(_xlpm.k,참조!$F$2:$F$15,참조!$E$2:$E$15,""),_xlpm.x,_xlfn._xlws.FILTER(_xlpm.d,(INDEX(_xlpm.d,,1)=_xlpm.p)*(INDEX(_xlpm.d,,3)=_xlpm.v)*(INDEX(_xlpm.d,,4)=_xlpm.t)*(INDEX(_xlpm.d,,5)=_xlpm.s)*(INDEX(_xlpm.d,,6)=_xlpm.n)*(INDEX(_xlpm.d,,11)="RS")),_xlpm.y,_xlfn.SORTBY(_xlpm.x,INDEX(_xlpm.x,,8),1,IF(INDEX(_xlpm.x,,9)="",1E+99,INDEX(_xlpm.x,,9)),-1,IF(INDEX(_xlpm.x,,10)="",0,INDEX(_xlpm.x,,10)),1),IFERROR(_xlfn.CHOOSECOLS(_xlfn.TAKE(_xlpm.y,1),8,9,10),""))} | H13: 7 | I13: 31900 | J13: {=_xlfn.LET(_xlpm.d,'페이백 미포함'!$A$2:$K$2061,_xlpm.p,_xlfn.XLOOKUP($B13,참조!$K$2:$K$30,IF(참조!$L$2:$L$30<>"",참조!$L$2:$L$30,참조!$M$2:$M$30),""),_xlpm.n,IF(OR($C13="SK",$C13="SKT"),"SKT",$C13),_xlpm.k,SUBSTITUTE(J$3,"GB","G"),_xlpm.s,_xlfn.XLOOKUP(_xlpm.k,참조!$F$2:$F$15,참조!$B$2:$B$15,""),_xlpm.v,_xlfn.XLOOKUP(_xlpm.k,참조!$F$2:$F$15,참조!$D$2:$D$15,""),_xlpm.t,_xlfn.XLOOKUP(_xlpm.k,참조!$F$2:$F$15,참조!$E$2:$E$15,""),_xlpm.x,_xlfn._xlws.FILTER(_xlpm.d,(INDEX(_xlpm.d,,1)=_xlpm.p)*(INDEX(_xlpm.d,,3)=_xlpm.v)*(INDEX(_xlpm.d,,4)=_xlpm.t)*(INDEX(_xlpm.d,,5)=_xlpm.s)*(INDEX(_xlpm.d,,6)=_xlpm.n)*(INDEX(_xlpm.d,,11)="RS")),_xlpm.y,_xlfn.SORTBY(_xlpm.x,INDEX(_xlpm.x,,8),1,IF(INDEX(_xlpm.x,,9)="",1E+99,INDEX(_xlpm.x,,9)),-1,IF(INDEX(_xlpm.x,,10)="",0,INDEX(_xlpm.x,,10)),1),IFERROR(_xlfn.CHOOSECOLS(_xlfn.TAKE(_xlpm.y,1),8,9,10),""))} | K13: 7 | L13: 33000 | M13: {=_xlfn.LET(_xlpm.d,'페이백 미포함'!$A$2:$K$2061,_xlpm.p,_xlfn.XLOOKUP($B13,참조!$K$2:$K$30,IF(참조!$L$2:$L$30<>"",참조!$L$2:$L$30,참조!$M$2:$M$30),""),_xlpm.n,IF(OR($C13="SK",$C13="SKT"),"SKT",$C13),_xlpm.k,SUBSTITUTE(M$3,"GB","G"),_xlpm.s,_xlfn.XLOOKUP(_xlpm.k,참조!$F$2:$F$15,참조!$B$2:$B$15,""),_xlpm.v,_xlfn.XLOOKUP(_xlpm.k,참조!$F$2:$F$15,참조!$D$2:$D$15,""),_xlpm.t,_xlfn.XLOOKUP(_xlpm.k,참조!$F$2:$F$15,참조!$E$2:$E$15,""),_xlpm.x,_xlfn._xlws.FILTER(_xlpm.d,(INDEX(_xlpm.d,,1)=_xlpm.p)*(INDEX(_xlpm.d,,3)=_xlpm.v)*(INDEX(_xlpm.d,,4)=_xlpm.t)*(INDEX(_xlpm.d,,5)=_xlpm.s)*(INDEX(_xlpm.d,,6)=_xlpm.n)*(INDEX(_xlpm.d,,11)="RS")),_xlpm.y,_xlfn.SORTBY(_xlpm.x,INDEX(_xlpm.x,,8),1,IF(INDEX(_xlpm.x,,9)="",1E+99,INDEX(_xlpm.x,,9)),-1,IF(INDEX(_xlpm.x,,10)="",0,INDEX(_xlpm.x,,10)),1),IFERROR(_xlfn.CHOOSECOLS(_xlfn.TAKE(_xlpm.y,1),8,9,10),""))} | N13: 7 | O13: 39600 | P13: {=_xlfn.LET(_xlpm.d,'페이백 미포함'!$A$2:$K$2061,_xlpm.p,_xlfn.XLOOKUP($B13,참조!$K$2:$K$30,IF(참조!$L$2:$L$30<>"",참조!$L$2:$L$30,참조!$M$2:$M$30),""),_xlpm.n,IF(OR($C13="SK",$C13="SKT"),"SKT",$C13),_xlpm.k,SUBSTITUTE(P$3,"GB","G"),_xlpm.s,_xlfn.XLOOKUP(_xlpm.k,참조!$F$2:$F$15,참조!$B$2:$B$15,""),_xlpm.v,_xlfn.XLOOKUP(_xlpm.k,참조!$F$2:$F$15,참조!$D$2:$D$15,""),_xlpm.t,_xlfn.XLOOKUP(_xlpm.k,참조!$F$2:$F$15,참조!$E$2:$E$15,""),_xlpm.x,_xlfn._xlws.FILTER(_xlpm.d,(INDEX(_xlpm.d,,1)=_xlpm.p)*(INDEX(_xlpm.d,,3)=_xlpm.v)*(INDEX(_xlpm.d,,4)=_xlpm.t)*(INDEX(_xlpm.d,,5)=_xlpm.s)*(INDEX(_xlpm.d,,6)=_xlpm.n)*(INDEX(_xlpm.d,,11)="RS")),_xlpm.y,_xlfn.SORTBY(_xlpm.x,INDEX(_xlpm.x,,8),1,IF(INDEX(_xlpm.x,,9)="",1E+99,INDEX(_xlpm.x,,9)),-1,IF(INDEX(_xlpm.x,,10)="",0,INDEX(_xlpm.x,,10)),1),IFERROR(_xlfn.CHOOSECOLS(_xlfn.TAKE(_xlpm.y,1),8,9,10),""))} | Q13: 7 | R13: 46200 | S13: {=_xlfn.LET(_xlpm.d,'페이백 미포함'!$A$2:$K$2061,_xlpm.p,_xlfn.XLOOKUP($B13,참조!$K$2:$K$30,IF(참조!$L$2:$L$30<>"",참조!$L$2:$L$30,참조!$M$2:$M$30),""),_xlpm.n,IF(OR($C13="SK",$C13="SKT"),"SKT",$C13),_xlpm.k,SUBSTITUTE(S$3,"GB","G"),_xlpm.s,_xlfn.XLOOKUP(_xlpm.k,참조!$F$2:$F$15,참조!$B$2:$B$15,""),_xlpm.v,_xlfn.XLOOKUP(_xlpm.k,참조!$F$2:$F$15,참조!$D$2:$D$15,""),_xlpm.t,_xlfn.XLOOKUP(_xlpm.k,참조!$F$2:$F$15,참조!$E$2:$E$15,""),_xlpm.x,_xlfn._xlws.FILTER(_xlpm.d,(INDEX(_xlpm.d,,1)=_xlpm.p)*(INDEX(_xlpm.d,,3)=_xlpm.v)*(INDEX(_xlpm.d,,4)=_xlpm.t)*(INDEX(_xlpm.d,,5)=_xlpm.s)*(INDEX(_xlpm.d,,6)=_xlpm.n)*(INDEX(_xlpm.d,,11)="RS")),_xlpm.y,_xlfn.SORTBY(_xlpm.x,INDEX(_xlpm.x,,8),1,IF(INDEX(_xlpm.x,,9)="",1E+99,INDEX(_xlpm.x,,9)),-1,IF(INDEX(_xlpm.x,,10)="",0,INDEX(_xlpm.x,,10)),1),IFERROR(_xlfn.CHOOSECOLS(_xlfn.TAKE(_xlpm.y,1),8,9,10),""))} | T13: 24 | U13: 44000 | V13: {=_xlfn.LET(_xlpm.d,'페이백 미포함'!$A$2:$K$2061,_xlpm.p,_xlfn.XLOOKUP($B13,참조!$K$2:$K$30,IF(참조!$L$2:$L$30<>"",참조!$L$2:$L$30,참조!$M$2:$M$30),""),_xlpm.n,IF(OR($C13="SK",$C13="SKT"),"SKT",$C13),_xlpm.k,SUBSTITUTE(V$3,"GB","G"),_xlpm.s,_xlfn.XLOOKUP(_xlpm.k,참조!$F$2:$F$15,참조!$B$2:$B$15,""),_xlpm.v,_xlfn.XLOOKUP(_xlpm.k,참조!$F$2:$F$15,참조!$D$2:$D$15,""),_xlpm.t,_xlfn.XLOOKUP(_xlpm.k,참조!$F$2:$F$15,참조!$E$2:$E$15,""),_xlpm.x,_xlfn._xlws.FILTER(_xlpm.d,(INDEX(_xlpm.d,,1)=_xlpm.p)*(INDEX(_xlpm.d,,3)=_xlpm.v)*(INDEX(_xlpm.d,,4)=_xlpm.t)*(INDEX(_xlpm.d,,5)=_xlpm.s)*(INDEX(_xlpm.d,,6)=_xlpm.n)*(INDEX(_xlpm.d,,11)="RS")),_xlpm.y,_xlfn.SORTBY(_xlpm.x,INDEX(_xlpm.x,,8),1,IF(INDEX(_xlpm.x,,9)="",1E+99,INDEX(_xlpm.x,,9)),-1,IF(INDEX(_xlpm.x,,10)="",0,INDEX(_xlpm.x,,10)),1),IFERROR(_xlfn.CHOOSECOLS(_xlfn.TAKE(_xlpm.y,1),8,9,10),""))} | W13: 7 | X13: 46200 | Y13: {=_xlfn.LET(_xlpm.d,'페이백 미포함'!$A$2:$K$2061,_xlpm.p,_xlfn.XLOOKUP($B13,참조!$K$2:$K$30,IF(참조!$L$2:$L$30<>"",참조!$L$2:$L$30,참조!$M$2:$M$30),""),_xlpm.n,IF(OR($C13="SK",$C13="SKT"),"SKT",$C13),_xlpm.k,SUBSTITUTE(Y$3,"GB","G"),_xlpm.s,_xlfn.XLOOKUP(_xlpm.k,참조!$F$2:$F$15,참조!$B$2:$B$15,""),_xlpm.v,_xlfn.XLOOKUP(_xlpm.k,참조!$F$2:$F$15,참조!$D$2:$D$15,""),_xlpm.t,_xlfn.XLOOKUP(_xlpm.k,참조!$F$2:$F$15,참조!$E$2:$E$15,""),_xlpm.x,_xlfn._xlws.FILTER(_xlpm.d,(INDEX(_xlpm.d,,1)=_xlpm.p)*(INDEX(_xlpm.d,,3)=_xlpm.v)*(INDEX(_xlpm.d,,4)=_xlpm.t)*(INDEX(_xlpm.d,,5)=_xlpm.s)*(INDEX(_xlpm.d,,6)=_xlpm.n)*(INDEX(_xlpm.d,,11)="RS")),_xlpm.y,_xlfn.SORTBY(_xlpm.x,INDEX(_xlpm.x,,8),1,IF(INDEX(_xlpm.x,,9)="",1E+99,INDEX(_xlpm.x,,9)),-1,IF(INDEX(_xlpm.x,,10)="",0,INDEX(_xlpm.x,,10)),1),IFERROR(_xlfn.CHOOSECOLS(_xlfn.TAKE(_xlpm.y,1),8,9,10),""))} | Z13: 24 | AA13: 48400
B14: 아이즈비전 | C14: SK | D14: {=_xlfn.LET(_xlpm.d,'페이백 미포함'!$A$2:$K$2061,_xlpm.p,_xlfn.XLOOKUP($B14,참조!$K$2:$K$30,IF(참조!$L$2:$L$30<>"",참조!$L$2:$L$30,참조!$M$2:$M$30),""),_xlpm.n,IF(OR($C14="SK",$C14="SKT"),"SKT",$C14),_xlpm.k,SUBSTITUTE(D$3,"GB","G"),_xlpm.s,_xlfn.XLOOKUP(_xlpm.k,참조!$F$2:$F$15,참조!$B$2:$B$15,""),_xlpm.v,_xlfn.XLOOKUP(_xlpm.k,참조!$F$2:$F$15,참조!$D$2:$D$15,""),_xlpm.t,_xlfn.XLOOKUP(_xlpm.k,참조!$F$2:$F$15,참조!$E$2:$E$15,""),_xlpm.x,_xlfn._xlws.FILTER(_xlpm.d,(INDEX(_xlpm.d,,1)=_xlpm.p)*(INDEX(_xlpm.d,,3)=_xlpm.v)*(INDEX(_xlpm.d,,4)=_xlpm.t)*(INDEX(_xlpm.d,,5)=_xlpm.s)*(INDEX(_xlpm.d,,6)=_xlpm.n)*(INDEX(_xlpm.d,,11)="RS")),_xlpm.y,_xlfn.SORTBY(_xlpm.x,INDEX(_xlpm.x,,8),1,IF(INDEX(_xlpm.x,,9)="",1E+99,INDEX(_xlpm.x,,9)),-1,IF(INDEX(_xlpm.x,,10)="",0,INDEX(_xlpm.x,,10)),1),IFERROR(_xlfn.CHOOSECOLS(_xlfn.TAKE(_xlpm.y,1),8,9,10),""))} | E14: 7 | F14: 18900 | G14: {=_xlfn.LET(_xlpm.d,'페이백 미포함'!$A$2:$K$2061,_xlpm.p,_xlfn.XLOOKUP($B14,참조!$K$2:$K$30,IF(참조!$L$2:$L$30<>"",참조!$L$2:$L$30,참조!$M$2:$M$30),""),_xlpm.n,IF(OR($C14="SK",$C14="SKT"),"SKT",$C14),_xlpm.k,SUBSTITUTE(G$3,"GB","G"),_xlpm.s,_xlfn.XLOOKUP(_xlpm.k,참조!$F$2:$F$15,참조!$B$2:$B$15,""),_xlpm.v,_xlfn.XLOOKUP(_xlpm.k,참조!$F$2:$F$15,참조!$D$2:$D$15,""),_xlpm.t,_xlfn.XLOOKUP(_xlpm.k,참조!$F$2:$F$15,참조!$E$2:$E$15,""),_xlpm.x,_xlfn._xlws.FILTER(_xlpm.d,(INDEX(_xlpm.d,,1)=_xlpm.p)*(INDEX(_xlpm.d,,3)=_xlpm.v)*(INDEX(_xlpm.d,,4)=_xlpm.t)*(INDEX(_xlpm.d,,5)=_xlpm.s)*(INDEX(_xlpm.d,,6)=_xlpm.n)*(INDEX(_xlpm.d,,11)="RS")),_xlpm.y,_xlfn.SORTBY(_xlpm.x,INDEX(_xlpm.x,,8),1,IF(INDEX(_xlpm.x,,9)="",1E+99,INDEX(_xlpm.x,,9)),-1,IF(INDEX(_xlpm.x,,10)="",0,INDEX(_xlpm.x,,10)),1),IFERROR(_xlfn.CHOOSECOLS(_xlfn.TAKE(_xlpm.y,1),8,9,10),""))} | H14: 7 | I14: 26400 | J14: {=_xlfn.LET(_xlpm.d,'페이백 미포함'!$A$2:$K$2061,_xlpm.p,_xlfn.XLOOKUP($B14,참조!$K$2:$K$30,IF(참조!$L$2:$L$30<>"",참조!$L$2:$L$30,참조!$M$2:$M$30),""),_xlpm.n,IF(OR($C14="SK",$C14="SKT"),"SKT",$C14),_xlpm.k,SUBSTITUTE(J$3,"GB","G"),_xlpm.s,_xlfn.XLOOKUP(_xlpm.k,참조!$F$2:$F$15,참조!$B$2:$B$15,""),_xlpm.v,_xlfn.XLOOKUP(_xlpm.k,참조!$F$2:$F$15,참조!$D$2:$D$15,""),_xlpm.t,_xlfn.XLOOKUP(_xlpm.k,참조!$F$2:$F$15,참조!$E$2:$E$15,""),_xlpm.x,_xlfn._xlws.FILTER(_xlpm.d,(INDEX(_xlpm.d,,1)=_xlpm.p)*(INDEX(_xlpm.d,,3)=_xlpm.v)*(INDEX(_xlpm.d,,4)=_xlpm.t)*(INDEX(_xlpm.d,,5)=_xlpm.s)*(INDEX(_xlpm.d,,6)=_xlpm.n)*(INDEX(_xlpm.d,,11)="RS")),_xlpm.y,_xlfn.SORTBY(_xlpm.x,INDEX(_xlpm.x,,8),1,IF(INDEX(_xlpm.x,,9)="",1E+99,INDEX(_xlpm.x,,9)),-1,IF(INDEX(_xlpm.x,,10)="",0,INDEX(_xlpm.x,,10)),1),IFERROR(_xlfn.CHOOSECOLS(_xlfn.TAKE(_xlpm.y,1),8,9,10),""))} | K14: 7 | L14: 29900 | M14: {=_xlfn.LET(_xlpm.d,'페이백 미포함'!$A$2:$K$2061,_xlpm.p,_xlfn.XLOOKUP($B14,참조!$K$2:$K$30,IF(참조!$L$2:$L$30<>"",참조!$L$2:$L$30,참조!$M$2:$M$30),""),_xlpm.n,IF(OR($C14="SK",$C14="SKT"),"SKT",$C14),_xlpm.k,SUBSTITUTE(M$3,"GB","G"),_xlpm.s,_xlfn.XLOOKUP(_xlpm.k,참조!$F$2:$F$15,참조!$B$2:$B$15,""),_xlpm.v,_xlfn.XLOOKUP(_xlpm.k,참조!$F$2:$F$15,참조!$D$2:$D$15,""),_xlpm.t,_xlfn.XLOOKUP(_xlpm.k,참조!$F$2:$F$15,참조!$E$2:$E$15,""),_xlpm.x,_xlfn._xlws.FILTER(_xlpm.d,(INDEX(_xlpm.d,,1)=_xlpm.p)*(INDEX(_xlpm.d,,3)=_xlpm.v)*(INDEX(_xlpm.d,,4)=_xlpm.t)*(INDEX(_xlpm.d,,5)=_xlpm.s)*(INDEX(_xlpm.d,,6)=_xlpm.n)*(INDEX(_xlpm.d,,11)="RS")),_xlpm.y,_xlfn.SORTBY(_xlpm.x,INDEX(_xlpm.x,,8),1,IF(INDEX(_xlpm.x,,9)="",1E+99,INDEX(_xlpm.x,,9)),-1,IF(INDEX(_xlpm.x,,10)="",0,INDEX(_xlpm.x,,10)),1),IFERROR(_xlfn.CHOOSECOLS(_xlfn.TAKE(_xlpm.y,1),8,9,10),""))} | N14: 7 | O14: 36300 | P14: {=_xlfn.LET(_xlpm.d,'페이백 미포함'!$A$2:$K$2061,_xlpm.p,_xlfn.XLOOKUP($B14,참조!$K$2:$K$30,IF(참조!$L$2:$L$30<>"",참조!$L$2:$L$30,참조!$M$2:$M$30),""),_xlpm.n,IF(OR($C14="SK",$C14="SKT"),"SKT",$C14),_xlpm.k,SUBSTITUTE(P$3,"GB","G"),_xlpm.s,_xlfn.XLOOKUP(_xlpm.k,참조!$F$2:$F$15,참조!$B$2:$B$15,""),_xlpm.v,_xlfn.XLOOKUP(_xlpm.k,참조!$F$2:$F$15,참조!$D$2:$D$15,""),_xlpm.t,_xlfn.XLOOKUP(_xlpm.k,참조!$F$2:$F$15,참조!$E$2:$E$15,""),_xlpm.x,_xlfn._xlws.FILTER(_xlpm.d,(INDEX(_xlpm.d,,1)=_xlpm.p)*(INDEX(_xlpm.d,,3)=_xlpm.v)*(INDEX(_xlpm.d,,4)=_xlpm.t)*(INDEX(_xlpm.d,,5)=_xlpm.s)*(INDEX(_xlpm.d,,6)=_xlpm.n)*(INDEX(_xlpm.d,,11)="RS")),_xlpm.y,_xlfn.SORTBY(_xlpm.x,INDEX(_xlpm.x,,8),1,IF(INDEX(_xlpm.x,,9)="",1E+99,INDEX(_xlpm.x,,9)),-1,IF(INDEX(_xlpm.x,,10)="",0,INDEX(_xlpm.x,,10)),1),IFERROR(_xlfn.CHOOSECOLS(_xlfn.TAKE(_xlpm.y,1),8,9,10),""))} | Q14: 7 | R14: 45100 | S14: {=_xlfn.LET(_xlpm.d,'페이백 미포함'!$A$2:$K$2061,_xlpm.p,_xlfn.XLOOKUP($B14,참조!$K$2:$K$30,IF(참조!$L$2:$L$30<>"",참조!$L$2:$L$30,참조!$M$2:$M$30),""),_xlpm.n,IF(OR($C14="SK",$C14="SKT"),"SKT",$C14),_xlpm.k,SUBSTITUTE(S$3,"GB","G"),_xlpm.s,_xlfn.XLOOKUP(_xlpm.k,참조!$F$2:$F$15,참조!$B$2:$B$15,""),_xlpm.v,_xlfn.XLOOKUP(_xlpm.k,참조!$F$2:$F$15,참조!$D$2:$D$15,""),_xlpm.t,_xlfn.XLOOKUP(_xlpm.k,참조!$F$2:$F$15,참조!$E$2:$E$15,""),_xlpm.x,_xlfn._xlws.FILTER(_xlpm.d,(INDEX(_xlpm.d,,1)=_xlpm.p)*(INDEX(_xlpm.d,,3)=_xlpm.v)*(INDEX(_xlpm.d,,4)=_xlpm.t)*(INDEX(_xlpm.d,,5)=_xlpm.s)*(INDEX(_xlpm.d,,6)=_xlpm.n)*(INDEX(_xlpm.d,,11)="RS")),_xlpm.y,_xlfn.SORTBY(_xlpm.x,INDEX(_xlpm.x,,8),1,IF(INDEX(_xlpm.x,,9)="",1E+99,INDEX(_xlpm.x,,9)),-1,IF(INDEX(_xlpm.x,,10)="",0,INDEX(_xlpm.x,,10)),1),IFERROR(_xlfn.CHOOSECOLS(_xlfn.TAKE(_xlpm.y,1),8,9,10),""))} | V14: {=_xlfn.LET(_xlpm.d,'페이백 미포함'!$A$2:$K$2061,_xlpm.p,_xlfn.XLOOKUP($B14,참조!$K$2:$K$30,IF(참조!$L$2:$L$30<>"",참조!$L$2:$L$30,참조!$M$2:$M$30),""),_xlpm.n,IF(OR($C14="SK",$C14="SKT"),"SKT",$C14),_xlpm.k,SUBSTITUTE(V$3,"GB","G"),_xlpm.s,_xlfn.XLOOKUP(_xlpm.k,참조!$F$2:$F$15,참조!$B$2:$B$15,""),_xlpm.v,_xlfn.XLOOKUP(_xlpm.k,참조!$F$2:$F$15,참조!$D$2:$D$15,""),_xlpm.t,_xlfn.XLOOKUP(_xlpm.k,참조!$F$2:$F$15,참조!$E$2:$E$15,""),_xlpm.x,_xlfn._xlws.FILTER(_xlpm.d,(INDEX(_xlpm.d,,1)=_xlpm.p)*(INDEX(_xlpm.d,,3)=_xlpm.v)*(INDEX(_xlpm.d,,4)=_xlpm.t)*(INDEX(_xlpm.d,,5)=_xlpm.s)*(INDEX(_xlpm.d,,6)=_xlpm.n)*(INDEX(_xlpm.d,,11)="RS")),_xlpm.y,_xlfn.SORTBY(_xlpm.x,INDEX(_xlpm.x,,8),1,IF(INDEX(_xlpm.x,,9)="",1E+99,INDEX(_xlpm.x,,9)),-1,IF(INDEX(_xlpm.x,,10)="",0,INDEX(_xlpm.x,,10)),1),IFERROR(_xlfn.CHOOSECOLS(_xlfn.TAKE(_xlpm.y,1),8,9,10),""))} | Y14: {=_xlfn.LET(_xlpm.d,'페이백 미포함'!$A$2:$K$2061,_xlpm.p,_xlfn.XLOOKUP($B14,참조!$K$2:$K$30,IF(참조!$L$2:$L$30<>"",참조!$L$2:$L$30,참조!$M$2:$M$30),""),_xlpm.n,IF(OR($C14="SK",$C14="SKT"),"SKT",$C14),_xlpm.k,SUBSTITUTE(Y$3,"GB","G"),_xlpm.s,_xlfn.XLOOKUP(_xlpm.k,참조!$F$2:$F$15,참조!$B$2:$B$15,""),_xlpm.v,_xlfn.XLOOKUP(_xlpm.k,참조!$F$2:$F$15,참조!$D$2:$D$15,""),_xlpm.t,_xlfn.XLOOKUP(_xlpm.k,참조!$F$2:$F$15,참조!$E$2:$E$15,""),_xlpm.x,_xlfn._xlws.FILTER(_xlpm.d,(INDEX(_xlpm.d,,1)=_xlpm.p)*(INDEX(_xlpm.d,,3)=_xlpm.v)*(INDEX(_xlpm.d,,4)=_xlpm.t)*(INDEX(_xlpm.d,,5)=_xlpm.s)*(INDEX(_xlpm.d,,6)=_xlpm.n)*(INDEX(_xlpm.d,,11)="RS")),_xlpm.y,_xlfn.SORTBY(_xlpm.x,INDEX(_xlpm.x,,8),1,IF(INDEX(_xlpm.x,,9)="",1E+99,INDEX(_xlpm.x,,9)),-1,IF(INDEX(_xlpm.x,,10)="",0,INDEX(_xlpm.x,,10)),1),IFERROR(_xlfn.CHOOSECOLS(_xlfn.TAKE(_xlpm.y,1),8,9,10),""))}
B15: =B14 | C15: KT | D15: {=_xlfn.LET(_xlpm.d,'페이백 미포함'!$A$2:$K$2061,_xlpm.p,_xlfn.XLOOKUP($B15,참조!$K$2:$K$30,IF(참조!$L$2:$L$30<>"",참조!$L$2:$L$30,참조!$M$2:$M$30),""),_xlpm.n,IF(OR($C15="SK",$C15="SKT"),"SKT",$C15),_xlpm.k,SUBSTITUTE(D$3,"GB","G"),_xlpm.s,_xlfn.XLOOKUP(_xlpm.k,참조!$F$2:$F$15,참조!$B$2:$B$15,""),_xlpm.v,_xlfn.XLOOKUP(_xlpm.k,참조!$F$2:$F$15,참조!$D$2:$D$15,""),_xlpm.t,_xlfn.XLOOKUP(_xlpm.k,참조!$F$2:$F$15,참조!$E$2:$E$15,""),_xlpm.x,_xlfn._xlws.FILTER(_xlpm.d,(INDEX(_xlpm.d,,1)=_xlpm.p)*(INDEX(_xlpm.d,,3)=_xlpm.v)*(INDEX(_xlpm.d,,4)=_xlpm.t)*(INDEX(_xlpm.d,,5)=_xlpm.s)*(INDEX(_xlpm.d,,6)=_xlpm.n)*(INDEX(_xlpm.d,,11)="RS")),_xlpm.y,_xlfn.SORTBY(_xlpm.x,INDEX(_xlpm.x,,8),1,IF(INDEX(_xlpm.x,,9)="",1E+99,INDEX(_xlpm.x,,9)),-1,IF(INDEX(_xlpm.x,,10)="",0,INDEX(_xlpm.x,,10)),1),IFERROR(_xlfn.CHOOSECOLS(_xlfn.TAKE(_xlpm.y,1),8,9,10),""))} | E15: 7 | F15: 28600 | G15: {=_xlfn.LET(_xlpm.d,'페이백 미포함'!$A$2:$K$2061,_xlpm.p,_xlfn.XLOOKUP($B15,참조!$K$2:$K$30,IF(참조!$L$2:$L$30<>"",참조!$L$2:$L$30,참조!$M$2:$M$30),""),_xlpm.n,IF(OR($C15="SK",$C15="SKT"),"SKT",$C15),_xlpm.k,SUBSTITUTE(G$3,"GB","G"),_xlpm.s,_xlfn.XLOOKUP(_xlpm.k,참조!$F$2:$F$15,참조!$B$2:$B$15,""),_xlpm.v,_xlfn.XLOOKUP(_xlpm.k,참조!$F$2:$F$15,참조!$D$2:$D$15,""),_xlpm.t,_xlfn.XLOOKUP(_xlpm.k,참조!$F$2:$F$15,참조!$E$2:$E$15,""),_xlpm.x,_xlfn._xlws.FILTER(_xlpm.d,(INDEX(_xlpm.d,,1)=_xlpm.p)*(INDEX(_xlpm.d,,3)=_xlpm.v)*(INDEX(_xlpm.d,,4)=_xlpm.t)*(INDEX(_xlpm.d,,5)=_xlpm.s)*(INDEX(_xlpm.d,,6)=_xlpm.n)*(INDEX(_xlpm.d,,11)="RS")),_xlpm.y,_xlfn.SORTBY(_xlpm.x,INDEX(_xlpm.x,,8),1,IF(INDEX(_xlpm.x,,9)="",1E+99,INDEX(_xlpm.x,,9)),-1,IF(INDEX(_xlpm.x,,10)="",0,INDEX(_xlpm.x,,10)),1),IFERROR(_xlfn.CHOOSECOLS(_xlfn.TAKE(_xlpm.y,1),8,9,10),""))} | H15: 7 | I15: 38500 | J15: {=_xlfn.LET(_xlpm.d,'페이백 미포함'!$A$2:$K$2061,_xlpm.p,_xlfn.XLOOKUP($B15,참조!$K$2:$K$30,IF(참조!$L$2:$L$30<>"",참조!$L$2:$L$30,참조!$M$2:$M$30),""),_xlpm.n,IF(OR($C15="SK",$C15="SKT"),"SKT",$C15),_xlpm.k,SUBSTITUTE(J$3,"GB","G"),_xlpm.s,_xlfn.XLOOKUP(_xlpm.k,참조!$F$2:$F$15,참조!$B$2:$B$15,""),_xlpm.v,_xlfn.XLOOKUP(_xlpm.k,참조!$F$2:$F$15,참조!$D$2:$D$15,""),_xlpm.t,_xlfn.XLOOKUP(_xlpm.k,참조!$F$2:$F$15,참조!$E$2:$E$15,""),_xlpm.x,_xlfn._xlws.FILTER(_xlpm.d,(INDEX(_xlpm.d,,1)=_xlpm.p)*(INDEX(_xlpm.d,,3)=_xlpm.v)*(INDEX(_xlpm.d,,4)=_xlpm.t)*(INDEX(_xlpm.d,,5)=_xlpm.s)*(INDEX(_xlpm.d,,6)=_xlpm.n)*(INDEX(_xlpm.d,,11)="RS")),_xlpm.y,_xlfn.SORTBY(_xlpm.x,INDEX(_xlpm.x,,8),1,IF(INDEX(_xlpm.x,,9)="",1E+99,INDEX(_xlpm.x,,9)),-1,IF(INDEX(_xlpm.x,,10)="",0,INDEX(_xlpm.x,,10)),1),IFERROR(_xlfn.CHOOSECOLS(_xlfn.TAKE(_xlpm.y,1),8,9,10),""))} | K15: 7 | L15: 41800 | M15: {=_xlfn.LET(_xlpm.d,'페이백 미포함'!$A$2:$K$2061,_xlpm.p,_xlfn.XLOOKUP($B15,참조!$K$2:$K$30,IF(참조!$L$2:$L$30<>"",참조!$L$2:$L$30,참조!$M$2:$M$30),""),_xlpm.n,IF(OR($C15="SK",$C15="SKT"),"SKT",$C15),_xlpm.k,SUBSTITUTE(M$3,"GB","G"),_xlpm.s,_xlfn.XLOOKUP(_xlpm.k,참조!$F$2:$F$15,참조!$B$2:$B$15,""),_xlpm.v,_xlfn.XLOOKUP(_xlpm.k,참조!$F$2:$F$15,참조!$D$2:$D$15,""),_xlpm.t,_xlfn.XLOOKUP(_xlpm.k,참조!$F$2:$F$15,참조!$E$2:$E$15,""),_xlpm.x,_xlfn._xlws.FILTER(_xlpm.d,(INDEX(_xlpm.d,,1)=_xlpm.p)*(INDEX(_xlpm.d,,3)=_xlpm.v)*(INDEX(_xlpm.d,,4)=_xlpm.t)*(INDEX(_xlpm.d,,5)=_xlpm.s)*(INDEX(_xlpm.d,,6)=_xlpm.n)*(INDEX(_xlpm.d,,11)="RS")),_xlpm.y,_xlfn.SORTBY(_xlpm.x,INDEX(_xlpm.x,,8),1,IF(INDEX(_xlpm.x,,9)="",1E+99,INDEX(_xlpm.x,,9)),-1,IF(INDEX(_xlpm.x,,10)="",0,INDEX(_xlpm.x,,10)),1),IFERROR(_xlfn.CHOOSECOLS(_xlfn.TAKE(_xlpm.y,1),8,9,10),""))} | N15: 7 | O15: 48400 | P15: {=_xlfn.LET(_xlpm.d,'페이백 미포함'!$A$2:$K$2061,_xlpm.p,_xlfn.XLOOKUP($B15,참조!$K$2:$K$30,IF(참조!$L$2:$L$30<>"",참조!$L$2:$L$30,참조!$M$2:$M$30),""),_xlpm.n,IF(OR($C15="SK",$C15="SKT"),"SKT",$C15),_xlpm.k,SUBSTITUTE(P$3,"GB","G"),_xlpm.s,_xlfn.XLOOKUP(_xlpm.k,참조!$F$2:$F$15,참조!$B$2:$B$15,""),_xlpm.v,_xlfn.XLOOKUP(_xlpm.k,참조!$F$2:$F$15,참조!$D$2:$D$15,""),_xlpm.t,_xlfn.XLOOKUP(_xlpm.k,참조!$F$2:$F$15,참조!$E$2:$E$15,""),_xlpm.x,_xlfn._xlws.FILTER(_xlpm.d,(INDEX(_xlpm.d,,1)=_xlpm.p)*(INDEX(_xlpm.d,,3)=_xlpm.v)*(INDEX(_xlpm.d,,4)=_xlpm.t)*(INDEX(_xlpm.d,,5)=_xlpm.s)*(INDEX(_xlpm.d,,6)=_xlpm.n)*(INDEX(_xlpm.d,,11)="RS")),_xlpm.y,_xlfn.SORTBY(_xlpm.x,INDEX(_xlpm.x,,8),1,IF(INDEX(_xlpm.x,,9)="",1E+99,INDEX(_xlpm.x,,9)),-1,IF(INDEX(_xlpm.x,,10)="",0,INDEX(_xlpm.x,,10)),1),IFERROR(_xlfn.CHOOSECOLS(_xlfn.TAKE(_xlpm.y,1),8,9,10),""))} | Q15: 7 | R15: 55000 | S15: {=_xlfn.LET(_xlpm.d,'페이백 미포함'!$A$2:$K$2061,_xlpm.p,_xlfn.XLOOKUP($B15,참조!$K$2:$K$30,IF(참조!$L$2:$L$30<>"",참조!$L$2:$L$30,참조!$M$2:$M$30),""),_xlpm.n,IF(OR($C15="SK",$C15="SKT"),"SKT",$C15),_xlpm.k,SUBSTITUTE(S$3,"GB","G"),_xlpm.s,_xlfn.XLOOKUP(_xlpm.k,참조!$F$2:$F$15,참조!$B$2:$B$15,""),_xlpm.v,_xlfn.XLOOKUP(_xlpm.k,참조!$F$2:$F$15,참조!$D$2:$D$15,""),_xlpm.t,_xlfn.XLOOKUP(_xlpm.k,참조!$F$2:$F$15,참조!$E$2:$E$15,""),_xlpm.x,_xlfn._xlws.FILTER(_xlpm.d,(INDEX(_xlpm.d,,1)=_xlpm.p)*(INDEX(_xlpm.d,,3)=_xlpm.v)*(INDEX(_xlpm.d,,4)=_xlpm.t)*(INDEX(_xlpm.d,,5)=_xlpm.s)*(INDEX(_xlpm.d,,6)=_xlpm.n)*(INDEX(_xlpm.d,,11)="RS")),_xlpm.y,_xlfn.SORTBY(_xlpm.x,INDEX(_xlpm.x,,8),1,IF(INDEX(_xlpm.x,,9)="",1E+99,INDEX(_xlpm.x,,9)),-1,IF(INDEX(_xlpm.x,,10)="",0,INDEX(_xlpm.x,,10)),1),IFERROR(_xlfn.CHOOSECOLS(_xlfn.TAKE(_xlpm.y,1),8,9,10),""))} | V15: {=_xlfn.LET(_xlpm.d,'페이백 미포함'!$A$2:$K$2061,_xlpm.p,_xlfn.XLOOKUP($B15,참조!$K$2:$K$30,IF(참조!$L$2:$L$30<>"",참조!$L$2:$L$30,참조!$M$2:$M$30),""),_xlpm.n,IF(OR($C15="SK",$C15="SKT"),"SKT",$C15),_xlpm.k,SUBSTITUTE(V$3,"GB","G"),_xlpm.s,_xlfn.XLOOKUP(_xlpm.k,참조!$F$2:$F$15,참조!$B$2:$B$15,""),_xlpm.v,_xlfn.XLOOKUP(_xlpm.k,참조!$F$2:$F$15,참조!$D$2:$D$15,""),_xlpm.t,_xlfn.XLOOKUP(_xlpm.k,참조!$F$2:$F$15,참조!$E$2:$E$15,""),_xlpm.x,_xlfn._xlws.FILTER(_xlpm.d,(INDEX(_xlpm.d,,1)=_xlpm.p)*(INDEX(_xlpm.d,,3)=_xlpm.v)*(INDEX(_xlpm.d,,4)=_xlpm.t)*(INDEX(_xlpm.d,,5)=_xlpm.s)*(INDEX(_xlpm.d,,6)=_xlpm.n)*(INDEX(_xlpm.d,,11)="RS")),_xlpm.y,_xlfn.SORTBY(_xlpm.x,INDEX(_xlpm.x,,8),1,IF(INDEX(_xlpm.x,,9)="",1E+99,INDEX(_xlpm.x,,9)),-1,IF(INDEX(_xlpm.x,,10)="",0,INDEX(_xlpm.x,,10)),1),IFERROR(_xlfn.CHOOSECOLS(_xlfn.TAKE(_xlpm.y,1),8,9,10),""))} | Y15: {=_xlfn.LET(_xlpm.d,'페이백 미포함'!$A$2:$K$2061,_xlpm.p,_xlfn.XLOOKUP($B15,참조!$K$2:$K$30,IF(참조!$L$2:$L$30<>"",참조!$L$2:$L$30,참조!$M$2:$M$30),""),_xlpm.n,IF(OR($C15="SK",$C15="SKT"),"SKT",$C15),_xlpm.k,SUBSTITUTE(Y$3,"GB","G"),_xlpm.s,_xlfn.XLOOKUP(_xlpm.k,참조!$F$2:$F$15,참조!$B$2:$B$15,""),_xlpm.v,_xlfn.XLOOKUP(_xlpm.k,참조!$F$2:$F$15,참조!$D$2:$D$15,""),_xlpm.t,_xlfn.XLOOKUP(_xlpm.k,참조!$F$2:$F$15,참조!$E$2:$E$15,""),_xlpm.x,_xlfn._xlws.FILTER(_xlpm.d,(INDEX(_xlpm.d,,1)=_xlpm.p)*(INDEX(_xlpm.d,,3)=_xlpm.v)*(INDEX(_xlpm.d,,4)=_xlpm.t)*(INDEX(_xlpm.d,,5)=_xlpm.s)*(INDEX(_xlpm.d,,6)=_xlpm.n)*(INDEX(_xlpm.d,,11)="RS")),_xlpm.y,_xlfn.SORTBY(_xlpm.x,INDEX(_xlpm.x,,8),1,IF(INDEX(_xlpm.x,,9)="",1E+99,INDEX(_xlpm.x,,9)),-1,IF(INDEX(_xlpm.x,,10)="",0,INDEX(_xlpm.x,,10)),1),IFERROR(_xlfn.CHOOSECOLS(_xlfn.TAKE(_xlpm.y,1),8,9,10),""))}
B16: =B15 | C16: LG U+ | D16: {=_xlfn.LET(_xlpm.d,'페이백 미포함'!$A$2:$K$2061,_xlpm.p,_xlfn.XLOOKUP($B16,참조!$K$2:$K$30,IF(참조!$L$2:$L$30<>"",참조!$L$2:$L$30,참조!$M$2:$M$30),""),_xlpm.n,IF(OR($C16="SK",$C16="SKT"),"SKT",$C16),_xlpm.k,SUBSTITUTE(D$3,"GB","G"),_xlpm.s,_xlfn.XLOOKUP(_xlpm.k,참조!$F$2:$F$15,참조!$B$2:$B$15,""),_xlpm.v,_xlfn.XLOOKUP(_xlpm.k,참조!$F$2:$F$15,참조!$D$2:$D$15,""),_xlpm.t,_xlfn.XLOOKUP(_xlpm.k,참조!$F$2:$F$15,참조!$E$2:$E$15,""),_xlpm.x,_xlfn._xlws.FILTER(_xlpm.d,(INDEX(_xlpm.d,,1)=_xlpm.p)*(INDEX(_xlpm.d,,3)=_xlpm.v)*(INDEX(_xlpm.d,,4)=_xlpm.t)*(INDEX(_xlpm.d,,5)=_xlpm.s)*(INDEX(_xlpm.d,,6)=_xlpm.n)*(INDEX(_xlpm.d,,11)="RS")),_xlpm.y,_xlfn.SORTBY(_xlpm.x,INDEX(_xlpm.x,,8),1,IF(INDEX(_xlpm.x,,9)="",1E+99,INDEX(_xlpm.x,,9)),-1,IF(INDEX(_xlpm.x,,10)="",0,INDEX(_xlpm.x,,10)),1),IFERROR(_xlfn.CHOOSECOLS(_xlfn.TAKE(_xlpm.y,1),8,9,10),""))} | E16: 7 | F16: 27500 | G16: {=_xlfn.LET(_xlpm.d,'페이백 미포함'!$A$2:$K$2061,_xlpm.p,_xlfn.XLOOKUP($B16,참조!$K$2:$K$30,IF(참조!$L$2:$L$30<>"",참조!$L$2:$L$30,참조!$M$2:$M$30),""),_xlpm.n,IF(OR($C16="SK",$C16="SKT"),"SKT",$C16),_xlpm.k,SUBSTITUTE(G$3,"GB","G"),_xlpm.s,_xlfn.XLOOKUP(_xlpm.k,참조!$F$2:$F$15,참조!$B$2:$B$15,""),_xlpm.v,_xlfn.XLOOKUP(_xlpm.k,참조!$F$2:$F$15,참조!$D$2:$D$15,""),_xlpm.t,_xlfn.XLOOKUP(_xlpm.k,참조!$F$2:$F$15,참조!$E$2:$E$15,""),_xlpm.x,_xlfn._xlws.FILTER(_xlpm.d,(INDEX(_xlpm.d,,1)=_xlpm.p)*(INDEX(_xlpm.d,,3)=_xlpm.v)*(INDEX(_xlpm.d,,4)=_xlpm.t)*(INDEX(_xlpm.d,,5)=_xlpm.s)*(INDEX(_xlpm.d,,6)=_xlpm.n)*(INDEX(_xlpm.d,,11)="RS")),_xlpm.y,_xlfn.SORTBY(_xlpm.x,INDEX(_xlpm.x,,8),1,IF(INDEX(_xlpm.x,,9)="",1E+99,INDEX(_xlpm.x,,9)),-1,IF(INDEX(_xlpm.x,,10)="",0,INDEX(_xlpm.x,,10)),1),IFERROR(_xlfn.CHOOSECOLS(_xlfn.TAKE(_xlpm.y,1),8,9,10),""))} | H16: 7 | I16: 37400 | J16: {=_xlfn.LET(_xlpm.d,'페이백 미포함'!$A$2:$K$2061,_xlpm.p,_xlfn.XLOOKUP($B16,참조!$K$2:$K$30,IF(참조!$L$2:$L$30<>"",참조!$L$2:$L$30,참조!$M$2:$M$30),""),_xlpm.n,IF(OR($C16="SK",$C16="SKT"),"SKT",$C16),_xlpm.k,SUBSTITUTE(J$3,"GB","G"),_xlpm.s,_xlfn.XLOOKUP(_xlpm.k,참조!$F$2:$F$15,참조!$B$2:$B$15,""),_xlpm.v,_xlfn.XLOOKUP(_xlpm.k,참조!$F$2:$F$15,참조!$D$2:$D$15,""),_xlpm.t,_xlfn.XLOOKUP(_xlpm.k,참조!$F$2:$F$15,참조!$E$2:$E$15,""),_xlpm.x,_xlfn._xlws.FILTER(_xlpm.d,(INDEX(_xlpm.d,,1)=_xlpm.p)*(INDEX(_xlpm.d,,3)=_xlpm.v)*(INDEX(_xlpm.d,,4)=_xlpm.t)*(INDEX(_xlpm.d,,5)=_xlpm.s)*(INDEX(_xlpm.d,,6)=_xlpm.n)*(INDEX(_xlpm.d,,11)="RS")),_xlpm.y,_xlfn.SORTBY(_xlpm.x,INDEX(_xlpm.x,,8),1,IF(INDEX(_xlpm.x,,9)="",1E+99,INDEX(_xlpm.x,,9)),-1,IF(INDEX(_xlpm.x,,10)="",0,INDEX(_xlpm.x,,10)),1),IFERROR(_xlfn.CHOOSECOLS(_xlfn.TAKE(_xlpm.y,1),8,9,10),""))} | K16: 7 | L16: 34100 | M16: {=_xlfn.LET(_xlpm.d,'페이백 미포함'!$A$2:$K$2061,_xlpm.p,_xlfn.XLOOKUP($B16,참조!$K$2:$K$30,IF(참조!$L$2:$L$30<>"",참조!$L$2:$L$30,참조!$M$2:$M$30),""),_xlpm.n,IF(OR($C16="SK",$C16="SKT"),"SKT",$C16),_xlpm.k,SUBSTITUTE(M$3,"GB","G"),_xlpm.s,_xlfn.XLOOKUP(_xlpm.k,참조!$F$2:$F$15,참조!$B$2:$B$15,""),_xlpm.v,_xlfn.XLOOKUP(_xlpm.k,참조!$F$2:$F$15,참조!$D$2:$D$15,""),_xlpm.t,_xlfn.XLOOKUP(_xlpm.k,참조!$F$2:$F$15,참조!$E$2:$E$15,""),_xlpm.x,_xlfn._xlws.FILTER(_xlpm.d,(INDEX(_xlpm.d,,1)=_xlpm.p)*(INDEX(_xlpm.d,,3)=_xlpm.v)*(INDEX(_xlpm.d,,4)=_xlpm.t)*(INDEX(_xlpm.d,,5)=_xlpm.s)*(INDEX(_xlpm.d,,6)=_xlpm.n)*(INDEX(_xlpm.d,,11)="RS")),_xlpm.y,_xlfn.SORTBY(_xlpm.x,INDEX(_xlpm.x,,8),1,IF(INDEX(_xlpm.x,,9)="",1E+99,INDEX(_xlpm.x,,9)),-1,IF(INDEX(_xlpm.x,,10)="",0,INDEX(_xlpm.x,,10)),1),IFERROR(_xlfn.CHOOSECOLS(_xlfn.TAKE(_xlpm.y,1),8,9,10),""))} | N16: 7 | O16: 48400 | P16: {=_xlfn.LET(_xlpm.d,'페이백 미포함'!$A$2:$K$2061,_xlpm.p,_xlfn.XLOOKUP($B16,참조!$K$2:$K$30,IF(참조!$L$2:$L$30<>"",참조!$L$2:$L$30,참조!$M$2:$M$30),""),_xlpm.n,IF(OR($C16="SK",$C16="SKT"),"SKT",$C16),_xlpm.k,SUBSTITUTE(P$3,"GB","G"),_xlpm.s,_xlfn.XLOOKUP(_xlpm.k,참조!$F$2:$F$15,참조!$B$2:$B$15,""),_xlpm.v,_xlfn.XLOOKUP(_xlpm.k,참조!$F$2:$F$15,참조!$D$2:$D$15,""),_xlpm.t,_xlfn.XLOOKUP(_xlpm.k,참조!$F$2:$F$15,참조!$E$2:$E$15,""),_xlpm.x,_xlfn._xlws.FILTER(_xlpm.d,(INDEX(_xlpm.d,,1)=_xlpm.p)*(INDEX(_xlpm.d,,3)=_xlpm.v)*(INDEX(_xlpm.d,,4)=_xlpm.t)*(INDEX(_xlpm.d,,5)=_xlpm.s)*(INDEX(_xlpm.d,,6)=_xlpm.n)*(INDEX(_xlpm.d,,11)="RS")),_xlpm.y,_xlfn.SORTBY(_xlpm.x,INDEX(_xlpm.x,,8),1,IF(INDEX(_xlpm.x,,9)="",1E+99,INDEX(_xlpm.x,,9)),-1,IF(INDEX(_xlpm.x,,10)="",0,INDEX(_xlpm.x,,10)),1),IFERROR(_xlfn.CHOOSECOLS(_xlfn.TAKE(_xlpm.y,1),8,9,10),""))} | Q16: 7 | R16: 61600 | S16: {=_xlfn.LET(_xlpm.d,'페이백 미포함'!$A$2:$K$2061,_xlpm.p,_xlfn.XLOOKUP($B16,참조!$K$2:$K$30,IF(참조!$L$2:$L$30<>"",참조!$L$2:$L$30,참조!$M$2:$M$30),""),_xlpm.n,IF(OR($C16="SK",$C16="SKT"),"SKT",$C16),_xlpm.k,SUBSTITUTE(S$3,"GB","G"),_xlpm.s,_xlfn.XLOOKUP(_xlpm.k,참조!$F$2:$F$15,참조!$B$2:$B$15,""),_xlpm.v,_xlfn.XLOOKUP(_xlpm.k,참조!$F$2:$F$15,참조!$D$2:$D$15,""),_xlpm.t,_xlfn.XLOOKUP(_xlpm.k,참조!$F$2:$F$15,참조!$E$2:$E$15,""),_xlpm.x,_xlfn._xlws.FILTER(_xlpm.d,(INDEX(_xlpm.d,,1)=_xlpm.p)*(INDEX(_xlpm.d,,3)=_xlpm.v)*(INDEX(_xlpm.d,,4)=_xlpm.t)*(INDEX(_xlpm.d,,5)=_xlpm.s)*(INDEX(_xlpm.d,,6)=_xlpm.n)*(INDEX(_xlpm.d,,11)="RS")),_xlpm.y,_xlfn.SORTBY(_xlpm.x,INDEX(_xlpm.x,,8),1,IF(INDEX(_xlpm.x,,9)="",1E+99,INDEX(_xlpm.x,,9)),-1,IF(INDEX(_xlpm.x,,10)="",0,INDEX(_xlpm.x,,10)),1),IFERROR(_xlfn.CHOOSECOLS(_xlfn.TAKE(_xlpm.y,1),8,9,10),""))} | T16: 7 | U16: 53900 | V16: {=_xlfn.LET(_xlpm.d,'페이백 미포함'!$A$2:$K$2061,_xlpm.p,_xlfn.XLOOKUP($B16,참조!$K$2:$K$30,IF(참조!$L$2:$L$30<>"",참조!$L$2:$L$30,참조!$M$2:$M$30),""),_xlpm.n,IF(OR($C16="SK",$C16="SKT"),"SKT",$C16),_xlpm.k,SUBSTITUTE(V$3,"GB","G"),_xlpm.s,_xlfn.XLOOKUP(_xlpm.k,참조!$F$2:$F$15,참조!$B$2:$B$15,""),_xlpm.v,_xlfn.XLOOKUP(_xlpm.k,참조!$F$2:$F$15,참조!$D$2:$D$15,""),_xlpm.t,_xlfn.XLOOKUP(_xlpm.k,참조!$F$2:$F$15,참조!$E$2:$E$15,""),_xlpm.x,_xlfn._xlws.FILTER(_xlpm.d,(INDEX(_xlpm.d,,1)=_xlpm.p)*(INDEX(_xlpm.d,,3)=_xlpm.v)*(INDEX(_xlpm.d,,4)=_xlpm.t)*(INDEX(_xlpm.d,,5)=_xlpm.s)*(INDEX(_xlpm.d,,6)=_xlpm.n)*(INDEX(_xlpm.d,,11)="RS")),_xlpm.y,_xlfn.SORTBY(_xlpm.x,INDEX(_xlpm.x,,8),1,IF(INDEX(_xlpm.x,,9)="",1E+99,INDEX(_xlpm.x,,9)),-1,IF(INDEX(_xlpm.x,,10)="",0,INDEX(_xlpm.x,,10)),1),IFERROR(_xlfn.CHOOSECOLS(_xlfn.TAKE(_xlpm.y,1),8,9,10),""))} | W16: 7 | X16: 58300 | Y16: {=_xlfn.LET(_xlpm.d,'페이백 미포함'!$A$2:$K$2061,_xlpm.p,_xlfn.XLOOKUP($B16,참조!$K$2:$K$30,IF(참조!$L$2:$L$30<>"",참조!$L$2:$L$30,참조!$M$2:$M$30),""),_xlpm.n,IF(OR($C16="SK",$C16="SKT"),"SKT",$C16),_xlpm.k,SUBSTITUTE(Y$3,"GB","G"),_xlpm.s,_xlfn.XLOOKUP(_xlpm.k,참조!$F$2:$F$15,참조!$B$2:$B$15,""),_xlpm.v,_xlfn.XLOOKUP(_xlpm.k,참조!$F$2:$F$15,참조!$D$2:$D$15,""),_xlpm.t,_xlfn.XLOOKUP(_xlpm.k,참조!$F$2:$F$15,참조!$E$2:$E$15,""),_xlpm.x,_xlfn._xlws.FILTER(_xlpm.d,(INDEX(_xlpm.d,,1)=_xlpm.p)*(INDEX(_xlpm.d,,3)=_xlpm.v)*(INDEX(_xlpm.d,,4)=_xlpm.t)*(INDEX(_xlpm.d,,5)=_xlpm.s)*(INDEX(_xlpm.d,,6)=_xlpm.n)*(INDEX(_xlpm.d,,11)="RS")),_xlpm.y,_xlfn.SORTBY(_xlpm.x,INDEX(_xlpm.x,,8),1,IF(INDEX(_xlpm.x,,9)="",1E+99,INDEX(_xlpm.x,,9)),-1,IF(INDEX(_xlpm.x,,10)="",0,INDEX(_xlpm.x,,10)),1),IFERROR(_xlfn.CHOOSECOLS(_xlfn.TAKE(_xlpm.y,1),8,9,10),""))} | Z16: 7 | AA16: 62700
B17: 에넥스 | C17: SK | D17: {=_xlfn.LET(_xlpm.d,'페이백 미포함'!$A$2:$K$2061,_xlpm.p,_xlfn.XLOOKUP($B17,참조!$K$2:$K$30,IF(참조!$L$2:$L$30<>"",참조!$L$2:$L$30,참조!$M$2:$M$30),""),_xlpm.n,IF(OR($C17="SK",$C17="SKT"),"SKT",$C17),_xlpm.k,SUBSTITUTE(D$3,"GB","G"),_xlpm.s,_xlfn.XLOOKUP(_xlpm.k,참조!$F$2:$F$15,참조!$B$2:$B$15,""),_xlpm.v,_xlfn.XLOOKUP(_xlpm.k,참조!$F$2:$F$15,참조!$D$2:$D$15,""),_xlpm.t,_xlfn.XLOOKUP(_xlpm.k,참조!$F$2:$F$15,참조!$E$2:$E$15,""),_xlpm.x,_xlfn._xlws.FILTER(_xlpm.d,(INDEX(_xlpm.d,,1)=_xlpm.p)*(INDEX(_xlpm.d,,3)=_xlpm.v)*(INDEX(_xlpm.d,,4)=_xlpm.t)*(INDEX(_xlpm.d,,5)=_xlpm.s)*(INDEX(_xlpm.d,,6)=_xlpm.n)*(INDEX(_xlpm.d,,11)="RS")),_xlpm.y,_xlfn.SORTBY(_xlpm.x,INDEX(_xlpm.x,,8),1,IF(INDEX(_xlpm.x,,9)="",1E+99,INDEX(_xlpm.x,,9)),-1,IF(INDEX(_xlpm.x,,10)="",0,INDEX(_xlpm.x,,10)),1),IFERROR(_xlfn.CHOOSECOLS(_xlfn.TAKE(_xlpm.y,1),8,9,10),""))} | E17: 7 | F17: 18900 | G17: {=_xlfn.LET(_xlpm.d,'페이백 미포함'!$A$2:$K$2061,_xlpm.p,_xlfn.XLOOKUP($B17,참조!$K$2:$K$30,IF(참조!$L$2:$L$30<>"",참조!$L$2:$L$30,참조!$M$2:$M$30),""),_xlpm.n,IF(OR($C17="SK",$C17="SKT"),"SKT",$C17),_xlpm.k,SUBSTITUTE(G$3,"GB","G"),_xlpm.s,_xlfn.XLOOKUP(_xlpm.k,참조!$F$2:$F$15,참조!$B$2:$B$15,""),_xlpm.v,_xlfn.XLOOKUP(_xlpm.k,참조!$F$2:$F$15,참조!$D$2:$D$15,""),_xlpm.t,_xlfn.XLOOKUP(_xlpm.k,참조!$F$2:$F$15,참조!$E$2:$E$15,""),_xlpm.x,_xlfn._xlws.FILTER(_xlpm.d,(INDEX(_xlpm.d,,1)=_xlpm.p)*(INDEX(_xlpm.d,,3)=_xlpm.v)*(INDEX(_xlpm.d,,4)=_xlpm.t)*(INDEX(_xlpm.d,,5)=_xlpm.s)*(INDEX(_xlpm.d,,6)=_xlpm.n)*(INDEX(_xlpm.d,,11)="RS")),_xlpm.y,_xlfn.SORTBY(_xlpm.x,INDEX(_xlpm.x,,8),1,IF(INDEX(_xlpm.x,,9)="",1E+99,INDEX(_xlpm.x,,9)),-1,IF(INDEX(_xlpm.x,,10)="",0,INDEX(_xlpm.x,,10)),1),IFERROR(_xlfn.CHOOSECOLS(_xlfn.TAKE(_xlpm.y,1),8,9,10),""))} | H17: 7 | I17: 26400 | J17: {=_xlfn.LET(_xlpm.d,'페이백 미포함'!$A$2:$K$2061,_xlpm.p,_xlfn.XLOOKUP($B17,참조!$K$2:$K$30,IF(참조!$L$2:$L$30<>"",참조!$L$2:$L$30,참조!$M$2:$M$30),""),_xlpm.n,IF(OR($C17="SK",$C17="SKT"),"SKT",$C17),_xlpm.k,SUBSTITUTE(J$3,"GB","G"),_xlpm.s,_xlfn.XLOOKUP(_xlpm.k,참조!$F$2:$F$15,참조!$B$2:$B$15,""),_xlpm.v,_xlfn.XLOOKUP(_xlpm.k,참조!$F$2:$F$15,참조!$D$2:$D$15,""),_xlpm.t,_xlfn.XLOOKUP(_xlpm.k,참조!$F$2:$F$15,참조!$E$2:$E$15,""),_xlpm.x,_xlfn._xlws.FILTER(_xlpm.d,(INDEX(_xlpm.d,,1)=_xlpm.p)*(INDEX(_xlpm.d,,3)=_xlpm.v)*(INDEX(_xlpm.d,,4)=_xlpm.t)*(INDEX(_xlpm.d,,5)=_xlpm.s)*(INDEX(_xlpm.d,,6)=_xlpm.n)*(INDEX(_xlpm.d,,11)="RS")),_xlpm.y,_xlfn.SORTBY(_xlpm.x,INDEX(_xlpm.x,,8),1,IF(INDEX(_xlpm.x,,9)="",1E+99,INDEX(_xlpm.x,,9)),-1,IF(INDEX(_xlpm.x,,10)="",0,INDEX(_xlpm.x,,10)),1),IFERROR(_xlfn.CHOOSECOLS(_xlfn.TAKE(_xlpm.y,1),8,9,10),""))} | K17: 7 | L17: 29900 | M17: {=_xlfn.LET(_xlpm.d,'페이백 미포함'!$A$2:$K$2061,_xlpm.p,_xlfn.XLOOKUP($B17,참조!$K$2:$K$30,IF(참조!$L$2:$L$30<>"",참조!$L$2:$L$30,참조!$M$2:$M$30),""),_xlpm.n,IF(OR($C17="SK",$C17="SKT"),"SKT",$C17),_xlpm.k,SUBSTITUTE(M$3,"GB","G"),_xlpm.s,_xlfn.XLOOKUP(_xlpm.k,참조!$F$2:$F$15,참조!$B$2:$B$15,""),_xlpm.v,_xlfn.XLOOKUP(_xlpm.k,참조!$F$2:$F$15,참조!$D$2:$D$15,""),_xlpm.t,_xlfn.XLOOKUP(_xlpm.k,참조!$F$2:$F$15,참조!$E$2:$E$15,""),_xlpm.x,_xlfn._xlws.FILTER(_xlpm.d,(INDEX(_xlpm.d,,1)=_xlpm.p)*(INDEX(_xlpm.d,,3)=_xlpm.v)*(INDEX(_xlpm.d,,4)=_xlpm.t)*(INDEX(_xlpm.d,,5)=_xlpm.s)*(INDEX(_xlpm.d,,6)=_xlpm.n)*(INDEX(_xlpm.d,,11)="RS")),_xlpm.y,_xlfn.SORTBY(_xlpm.x,INDEX(_xlpm.x,,8),1,IF(INDEX(_xlpm.x,,9)="",1E+99,INDEX(_xlpm.x,,9)),-1,IF(INDEX(_xlpm.x,,10)="",0,INDEX(_xlpm.x,,10)),1),IFERROR(_xlfn.CHOOSECOLS(_xlfn.TAKE(_xlpm.y,1),8,9,10),""))} | N17: 7 | O17: 36300 | P17: {=_xlfn.LET(_xlpm.d,'페이백 미포함'!$A$2:$K$2061,_xlpm.p,_xlfn.XLOOKUP($B17,참조!$K$2:$K$30,IF(참조!$L$2:$L$30<>"",참조!$L$2:$L$30,참조!$M$2:$M$30),""),_xlpm.n,IF(OR($C17="SK",$C17="SKT"),"SKT",$C17),_xlpm.k,SUBSTITUTE(P$3,"GB","G"),_xlpm.s,_xlfn.XLOOKUP(_xlpm.k,참조!$F$2:$F$15,참조!$B$2:$B$15,""),_xlpm.v,_xlfn.XLOOKUP(_xlpm.k,참조!$F$2:$F$15,참조!$D$2:$D$15,""),_xlpm.t,_xlfn.XLOOKUP(_xlpm.k,참조!$F$2:$F$15,참조!$E$2:$E$15,""),_xlpm.x,_xlfn._xlws.FILTER(_xlpm.d,(INDEX(_xlpm.d,,1)=_xlpm.p)*(INDEX(_xlpm.d,,3)=_xlpm.v)*(INDEX(_xlpm.d,,4)=_xlpm.t)*(INDEX(_xlpm.d,,5)=_xlpm.s)*(INDEX(_xlpm.d,,6)=_xlpm.n)*(INDEX(_xlpm.d,,11)="RS")),_xlpm.y,_xlfn.SORTBY(_xlpm.x,INDEX(_xlpm.x,,8),1,IF(INDEX(_xlpm.x,,9)="",1E+99,INDEX(_xlpm.x,,9)),-1,IF(INDEX(_xlpm.x,,10)="",0,INDEX(_xlpm.x,,10)),1),IFERROR(_xlfn.CHOOSECOLS(_xlfn.TAKE(_xlpm.y,1),8,9,10),""))} | Q17: 7 | R17: 45100 | S17: {=_xlfn.LET(_xlpm.d,'페이백 미포함'!$A$2:$K$2061,_xlpm.p,_xlfn.XLOOKUP($B17,참조!$K$2:$K$30,IF(참조!$L$2:$L$30<>"",참조!$L$2:$L$30,참조!$M$2:$M$30),""),_xlpm.n,IF(OR($C17="SK",$C17="SKT"),"SKT",$C17),_xlpm.k,SUBSTITUTE(S$3,"GB","G"),_xlpm.s,_xlfn.XLOOKUP(_xlpm.k,참조!$F$2:$F$15,참조!$B$2:$B$15,""),_xlpm.v,_xlfn.XLOOKUP(_xlpm.k,참조!$F$2:$F$15,참조!$D$2:$D$15,""),_xlpm.t,_xlfn.XLOOKUP(_xlpm.k,참조!$F$2:$F$15,참조!$E$2:$E$15,""),_xlpm.x,_xlfn._xlws.FILTER(_xlpm.d,(INDEX(_xlpm.d,,1)=_xlpm.p)*(INDEX(_xlpm.d,,3)=_xlpm.v)*(INDEX(_xlpm.d,,4)=_xlpm.t)*(INDEX(_xlpm.d,,5)=_xlpm.s)*(INDEX(_xlpm.d,,6)=_xlpm.n)*(INDEX(_xlpm.d,,11)="RS")),_xlpm.y,_xlfn.SORTBY(_xlpm.x,INDEX(_xlpm.x,,8),1,IF(INDEX(_xlpm.x,,9)="",1E+99,INDEX(_xlpm.x,,9)),-1,IF(INDEX(_xlpm.x,,10)="",0,INDEX(_xlpm.x,,10)),1),IFERROR(_xlfn.CHOOSECOLS(_xlfn.TAKE(_xlpm.y,1),8,9,10),""))} | V17: {=_xlfn.LET(_xlpm.d,'페이백 미포함'!$A$2:$K$2061,_xlpm.p,_xlfn.XLOOKUP($B17,참조!$K$2:$K$30,IF(참조!$L$2:$L$30<>"",참조!$L$2:$L$30,참조!$M$2:$M$30),""),_xlpm.n,IF(OR($C17="SK",$C17="SKT"),"SKT",$C17),_xlpm.k,SUBSTITUTE(V$3,"GB","G"),_xlpm.s,_xlfn.XLOOKUP(_xlpm.k,참조!$F$2:$F$15,참조!$B$2:$B$15,""),_xlpm.v,_xlfn.XLOOKUP(_xlpm.k,참조!$F$2:$F$15,참조!$D$2:$D$15,""),_xlpm.t,_xlfn.XLOOKUP(_xlpm.k,참조!$F$2:$F$15,참조!$E$2:$E$15,""),_xlpm.x,_xlfn._xlws.FILTER(_xlpm.d,(INDEX(_xlpm.d,,1)=_xlpm.p)*(INDEX(_xlpm.d,,3)=_xlpm.v)*(INDEX(_xlpm.d,,4)=_xlpm.t)*(INDEX(_xlpm.d,,5)=_xlpm.s)*(INDEX(_xlpm.d,,6)=_xlpm.n)*(INDEX(_xlpm.d,,11)="RS")),_xlpm.y,_xlfn.SORTBY(_xlpm.x,INDEX(_xlpm.x,,8),1,IF(INDEX(_xlpm.x,,9)="",1E+99,INDEX(_xlpm.x,,9)),-1,IF(INDEX(_xlpm.x,,10)="",0,INDEX(_xlpm.x,,10)),1),IFERROR(_xlfn.CHOOSECOLS(_xlfn.TAKE(_xlpm.y,1),8,9,10),""))} | Y17: {=_xlfn.LET(_xlpm.d,'페이백 미포함'!$A$2:$K$2061,_xlpm.p,_xlfn.XLOOKUP($B17,참조!$K$2:$K$30,IF(참조!$L$2:$L$30<>"",참조!$L$2:$L$30,참조!$M$2:$M$30),""),_xlpm.n,IF(OR($C17="SK",$C17="SKT"),"SKT",$C17),_xlpm.k,SUBSTITUTE(Y$3,"GB","G"),_xlpm.s,_xlfn.XLOOKUP(_xlpm.k,참조!$F$2:$F$15,참조!$B$2:$B$15,""),_xlpm.v,_xlfn.XLOOKUP(_xlpm.k,참조!$F$2:$F$15,참조!$D$2:$D$15,""),_xlpm.t,_xlfn.XLOOKUP(_xlpm.k,참조!$F$2:$F$15,참조!$E$2:$E$15,""),_xlpm.x,_xlfn._xlws.FILTER(_xlpm.d,(INDEX(_xlpm.d,,1)=_xlpm.p)*(INDEX(_xlpm.d,,3)=_xlpm.v)*(INDEX(_xlpm.d,,4)=_xlpm.t)*(INDEX(_xlpm.d,,5)=_xlpm.s)*(INDEX(_xlpm.d,,6)=_xlpm.n)*(INDEX(_xlpm.d,,11)="RS")),_xlpm.y,_xlfn.SORTBY(_xlpm.x,INDEX(_xlpm.x,,8),1,IF(INDEX(_xlpm.x,,9)="",1E+99,INDEX(_xlpm.x,,9)),-1,IF(INDEX(_xlpm.x,,10)="",0,INDEX(_xlpm.x,,10)),1),IFERROR(_xlfn.CHOOSECOLS(_xlfn.TAKE(_xlpm.y,1),8,9,10),""))}
B18: =B17 | C18: KT | D18: {=_xlfn.LET(_xlpm.d,'페이백 미포함'!$A$2:$K$2061,_xlpm.p,_xlfn.XLOOKUP($B18,참조!$K$2:$K$30,IF(참조!$L$2:$L$30<>"",참조!$L$2:$L$30,참조!$M$2:$M$30),""),_xlpm.n,IF(OR($C18="SK",$C18="SKT"),"SKT",$C18),_xlpm.k,SUBSTITUTE(D$3,"GB","G"),_xlpm.s,_xlfn.XLOOKUP(_xlpm.k,참조!$F$2:$F$15,참조!$B$2:$B$15,""),_xlpm.v,_xlfn.XLOOKUP(_xlpm.k,참조!$F$2:$F$15,참조!$D$2:$D$15,""),_xlpm.t,_xlfn.XLOOKUP(_xlpm.k,참조!$F$2:$F$15,참조!$E$2:$E$15,""),_xlpm.x,_xlfn._xlws.FILTER(_xlpm.d,(INDEX(_xlpm.d,,1)=_xlpm.p)*(INDEX(_xlpm.d,,3)=_xlpm.v)*(INDEX(_xlpm.d,,4)=_xlpm.t)*(INDEX(_xlpm.d,,5)=_xlpm.s)*(INDEX(_xlpm.d,,6)=_xlpm.n)*(INDEX(_xlpm.d,,11)="RS")),_xlpm.y,_xlfn.SORTBY(_xlpm.x,INDEX(_xlpm.x,,8),1,IF(INDEX(_xlpm.x,,9)="",1E+99,INDEX(_xlpm.x,,9)),-1,IF(INDEX(_xlpm.x,,10)="",0,INDEX(_xlpm.x,,10)),1),IFERROR(_xlfn.CHOOSECOLS(_xlfn.TAKE(_xlpm.y,1),8,9,10),""))} | E18: 7 | F18: 19800 | G18: {=_xlfn.LET(_xlpm.d,'페이백 미포함'!$A$2:$K$2061,_xlpm.p,_xlfn.XLOOKUP($B18,참조!$K$2:$K$30,IF(참조!$L$2:$L$30<>"",참조!$L$2:$L$30,참조!$M$2:$M$30),""),_xlpm.n,IF(OR($C18="SK",$C18="SKT"),"SKT",$C18),_xlpm.k,SUBSTITUTE(G$3,"GB","G"),_xlpm.s,_xlfn.XLOOKUP(_xlpm.k,참조!$F$2:$F$15,참조!$B$2:$B$15,""),_xlpm.v,_xlfn.XLOOKUP(_xlpm.k,참조!$F$2:$F$15,참조!$D$2:$D$15,""),_xlpm.t,_xlfn.XLOOKUP(_xlpm.k,참조!$F$2:$F$15,참조!$E$2:$E$15,""),_xlpm.x,_xlfn._xlws.FILTER(_xlpm.d,(INDEX(_xlpm.d,,1)=_xlpm.p)*(INDEX(_xlpm.d,,3)=_xlpm.v)*(INDEX(_xlpm.d,,4)=_xlpm.t)*(INDEX(_xlpm.d,,5)=_xlpm.s)*(INDEX(_xlpm.d,,6)=_xlpm.n)*(INDEX(_xlpm.d,,11)="RS")),_xlpm.y,_xlfn.SORTBY(_xlpm.x,INDEX(_xlpm.x,,8),1,IF(INDEX(_xlpm.x,,9)="",1E+99,INDEX(_xlpm.x,,9)),-1,IF(INDEX(_xlpm.x,,10)="",0,INDEX(_xlpm.x,,10)),1),IFERROR(_xlfn.CHOOSECOLS(_xlfn.TAKE(_xlpm.y,1),8,9,10),""))} | H18: 7 | I18: 35200 | J18: {=_xlfn.LET(_xlpm.d,'페이백 미포함'!$A$2:$K$2061,_xlpm.p,_xlfn.XLOOKUP($B18,참조!$K$2:$K$30,IF(참조!$L$2:$L$30<>"",참조!$L$2:$L$30,참조!$M$2:$M$30),""),_xlpm.n,IF(OR($C18="SK",$C18="SKT"),"SKT",$C18),_xlpm.k,SUBSTITUTE(J$3,"GB","G"),_xlpm.s,_xlfn.XLOOKUP(_xlpm.k,참조!$F$2:$F$15,참조!$B$2:$B$15,""),_xlpm.v,_xlfn.XLOOKUP(_xlpm.k,참조!$F$2:$F$15,참조!$D$2:$D$15,""),_xlpm.t,_xlfn.XLOOKUP(_xlpm.k,참조!$F$2:$F$15,참조!$E$2:$E$15,""),_xlpm.x,_xlfn._xlws.FILTER(_xlpm.d,(INDEX(_xlpm.d,,1)=_xlpm.p)*(INDEX(_xlpm.d,,3)=_xlpm.v)*(INDEX(_xlpm.d,,4)=_xlpm.t)*(INDEX(_xlpm.d,,5)=_xlpm.s)*(INDEX(_xlpm.d,,6)=_xlpm.n)*(INDEX(_xlpm.d,,11)="RS")),_xlpm.y,_xlfn.SORTBY(_xlpm.x,INDEX(_xlpm.x,,8),1,IF(INDEX(_xlpm.x,,9)="",1E+99,INDEX(_xlpm.x,,9)),-1,IF(INDEX(_xlpm.x,,10)="",0,INDEX(_xlpm.x,,10)),1),IFERROR(_xlfn.CHOOSECOLS(_xlfn.TAKE(_xlpm.y,1),8,9,10),""))} | K18: 7 | L18: 37400 | M18: {=_xlfn.LET(_xlpm.d,'페이백 미포함'!$A$2:$K$2061,_xlpm.p,_xlfn.XLOOKUP($B18,참조!$K$2:$K$30,IF(참조!$L$2:$L$30<>"",참조!$L$2:$L$30,참조!$M$2:$M$30),""),_xlpm.n,IF(OR($C18="SK",$C18="SKT"),"SKT",$C18),_xlpm.k,SUBSTITUTE(M$3,"GB","G"),_xlpm.s,_xlfn.XLOOKUP(_xlpm.k,참조!$F$2:$F$15,참조!$B$2:$B$15,""),_xlpm.v,_xlfn.XLOOKUP(_xlpm.k,참조!$F$2:$F$15,참조!$D$2:$D$15,""),_xlpm.t,_xlfn.XLOOKUP(_xlpm.k,참조!$F$2:$F$15,참조!$E$2:$E$15,""),_xlpm.x,_xlfn._xlws.FILTER(_xlpm.d,(INDEX(_xlpm.d,,1)=_xlpm.p)*(INDEX(_xlpm.d,,3)=_xlpm.v)*(INDEX(_xlpm.d,,4)=_xlpm.t)*(INDEX(_xlpm.d,,5)=_xlpm.s)*(INDEX(_xlpm.d,,6)=_xlpm.n)*(INDEX(_xlpm.d,,11)="RS")),_xlpm.y,_xlfn.SORTBY(_xlpm.x,INDEX(_xlpm.x,,8),1,IF(INDEX(_xlpm.x,,9)="",1E+99,INDEX(_xlpm.x,,9)),-1,IF(INDEX(_xlpm.x,,10)="",0,INDEX(_xlpm.x,,10)),1),IFERROR(_xlfn.CHOOSECOLS(_xlfn.TAKE(_xlpm.y,1),8,9,10),""))} | N18: 7 | O18: 39600 | P18: {=_xlfn.LET(_xlpm.d,'페이백 미포함'!$A$2:$K$2061,_xlpm.p,_xlfn.XLOOKUP($B18,참조!$K$2:$K$30,IF(참조!$L$2:$L$30<>"",참조!$L$2:$L$30,참조!$M$2:$M$30),""),_xlpm.n,IF(OR($C18="SK",$C18="SKT"),"SKT",$C18),_xlpm.k,SUBSTITUTE(P$3,"GB","G"),_xlpm.s,_xlfn.XLOOKUP(_xlpm.k,참조!$F$2:$F$15,참조!$B$2:$B$15,""),_xlpm.v,_xlfn.XLOOKUP(_xlpm.k,참조!$F$2:$F$15,참조!$D$2:$D$15,""),_xlpm.t,_xlfn.XLOOKUP(_xlpm.k,참조!$F$2:$F$15,참조!$E$2:$E$15,""),_xlpm.x,_xlfn._xlws.FILTER(_xlpm.d,(INDEX(_xlpm.d,,1)=_xlpm.p)*(INDEX(_xlpm.d,,3)=_xlpm.v)*(INDEX(_xlpm.d,,4)=_xlpm.t)*(INDEX(_xlpm.d,,5)=_xlpm.s)*(INDEX(_xlpm.d,,6)=_xlpm.n)*(INDEX(_xlpm.d,,11)="RS")),_xlpm.y,_xlfn.SORTBY(_xlpm.x,INDEX(_xlpm.x,,8),1,IF(INDEX(_xlpm.x,,9)="",1E+99,INDEX(_xlpm.x,,9)),-1,IF(INDEX(_xlpm.x,,10)="",0,INDEX(_xlpm.x,,10)),1),IFERROR(_xlfn.CHOOSECOLS(_xlfn.TAKE(_xlpm.y,1),8,9,10),""))} | Q18: 7 | R18: 46200 | S18: {=_xlfn.LET(_xlpm.d,'페이백 미포함'!$A$2:$K$2061,_xlpm.p,_xlfn.XLOOKUP($B18,참조!$K$2:$K$30,IF(참조!$L$2:$L$30<>"",참조!$L$2:$L$30,참조!$M$2:$M$30),""),_xlpm.n,IF(OR($C18="SK",$C18="SKT"),"SKT",$C18),_xlpm.k,SUBSTITUTE(S$3,"GB","G"),_xlpm.s,_xlfn.XLOOKUP(_xlpm.k,참조!$F$2:$F$15,참조!$B$2:$B$15,""),_xlpm.v,_xlfn.XLOOKUP(_xlpm.k,참조!$F$2:$F$15,참조!$D$2:$D$15,""),_xlpm.t,_xlfn.XLOOKUP(_xlpm.k,참조!$F$2:$F$15,참조!$E$2:$E$15,""),_xlpm.x,_xlfn._xlws.FILTER(_xlpm.d,(INDEX(_xlpm.d,,1)=_xlpm.p)*(INDEX(_xlpm.d,,3)=_xlpm.v)*(INDEX(_xlpm.d,,4)=_xlpm.t)*(INDEX(_xlpm.d,,5)=_xlpm.s)*(INDEX(_xlpm.d,,6)=_xlpm.n)*(INDEX(_xlpm.d,,11)="RS")),_xlpm.y,_xlfn.SORTBY(_xlpm.x,INDEX(_xlpm.x,,8),1,IF(INDEX(_xlpm.x,,9)="",1E+99,INDEX(_xlpm.x,,9)),-1,IF(INDEX(_xlpm.x,,10)="",0,INDEX(_xlpm.x,,10)),1),IFERROR(_xlfn.CHOOSECOLS(_xlfn.TAKE(_xlpm.y,1),8,9,10),""))} | V18: {=_xlfn.LET(_xlpm.d,'페이백 미포함'!$A$2:$K$2061,_xlpm.p,_xlfn.XLOOKUP($B18,참조!$K$2:$K$30,IF(참조!$L$2:$L$30<>"",참조!$L$2:$L$30,참조!$M$2:$M$30),""),_xlpm.n,IF(OR($C18="SK",$C18="SKT"),"SKT",$C18),_xlpm.k,SUBSTITUTE(V$3,"GB","G"),_xlpm.s,_xlfn.XLOOKUP(_xlpm.k,참조!$F$2:$F$15,참조!$B$2:$B$15,""),_xlpm.v,_xlfn.XLOOKUP(_xlpm.k,참조!$F$2:$F$15,참조!$D$2:$D$15,""),_xlpm.t,_xlfn.XLOOKUP(_xlpm.k,참조!$F$2:$F$15,참조!$E$2:$E$15,""),_xlpm.x,_xlfn._xlws.FILTER(_xlpm.d,(INDEX(_xlpm.d,,1)=_xlpm.p)*(INDEX(_xlpm.d,,3)=_xlpm.v)*(INDEX(_xlpm.d,,4)=_xlpm.t)*(INDEX(_xlpm.d,,5)=_xlpm.s)*(INDEX(_xlpm.d,,6)=_xlpm.n)*(INDEX(_xlpm.d,,11)="RS")),_xlpm.y,_xlfn.SORTBY(_xlpm.x,INDEX(_xlpm.x,,8),1,IF(INDEX(_xlpm.x,,9)="",1E+99,INDEX(_xlpm.x,,9)),-1,IF(INDEX(_xlpm.x,,10)="",0,INDEX(_xlpm.x,,10)),1),IFERROR(_xlfn.CHOOSECOLS(_xlfn.TAKE(_xlpm.y,1),8,9,10),""))} | Y18: {=_xlfn.LET(_xlpm.d,'페이백 미포함'!$A$2:$K$2061,_xlpm.p,_xlfn.XLOOKUP($B18,참조!$K$2:$K$30,IF(참조!$L$2:$L$30<>"",참조!$L$2:$L$30,참조!$M$2:$M$30),""),_xlpm.n,IF(OR($C18="SK",$C18="SKT"),"SKT",$C18),_xlpm.k,SUBSTITUTE(Y$3,"GB","G"),_xlpm.s,_xlfn.XLOOKUP(_xlpm.k,참조!$F$2:$F$15,참조!$B$2:$B$15,""),_xlpm.v,_xlfn.XLOOKUP(_xlpm.k,참조!$F$2:$F$15,참조!$D$2:$D$15,""),_xlpm.t,_xlfn.XLOOKUP(_xlpm.k,참조!$F$2:$F$15,참조!$E$2:$E$15,""),_xlpm.x,_xlfn._xlws.FILTER(_xlpm.d,(INDEX(_xlpm.d,,1)=_xlpm.p)*(INDEX(_xlpm.d,,3)=_xlpm.v)*(INDEX(_xlpm.d,,4)=_xlpm.t)*(INDEX(_xlpm.d,,5)=_xlpm.s)*(INDEX(_xlpm.d,,6)=_xlpm.n)*(INDEX(_xlpm.d,,11)="RS")),_xlpm.y,_xlfn.SORTBY(_xlpm.x,INDEX(_xlpm.x,,8),1,IF(INDEX(_xlpm.x,,9)="",1E+99,INDEX(_xlpm.x,,9)),-1,IF(INDEX(_xlpm.x,,10)="",0,INDEX(_xlpm.x,,10)),1),IFERROR(_xlfn.CHOOSECOLS(_xlfn.TAKE(_xlpm.y,1),8,9,10),""))}
B19: =B18 | C19: LG U+ | D19: {=_xlfn.LET(_xlpm.d,'페이백 미포함'!$A$2:$K$2061,_xlpm.p,_xlfn.XLOOKUP($B19,참조!$K$2:$K$30,IF(참조!$L$2:$L$30<>"",참조!$L$2:$L$30,참조!$M$2:$M$30),""),_xlpm.n,IF(OR($C19="SK",$C19="SKT"),"SKT",$C19),_xlpm.k,SUBSTITUTE(D$3,"GB","G"),_xlpm.s,_xlfn.XLOOKUP(_xlpm.k,참조!$F$2:$F$15,참조!$B$2:$B$15,""),_xlpm.v,_xlfn.XLOOKUP(_xlpm.k,참조!$F$2:$F$15,참조!$D$2:$D$15,""),_xlpm.t,_xlfn.XLOOKUP(_xlpm.k,참조!$F$2:$F$15,참조!$E$2:$E$15,""),_xlpm.x,_xlfn._xlws.FILTER(_xlpm.d,(INDEX(_xlpm.d,,1)=_xlpm.p)*(INDEX(_xlpm.d,,3)=_xlpm.v)*(INDEX(_xlpm.d,,4)=_xlpm.t)*(INDEX(_xlpm.d,,5)=_xlpm.s)*(INDEX(_xlpm.d,,6)=_xlpm.n)*(INDEX(_xlpm.d,,11)="RS")),_xlpm.y,_xlfn.SORTBY(_xlpm.x,INDEX(_xlpm.x,,8),1,IF(INDEX(_xlpm.x,,9)="",1E+99,INDEX(_xlpm.x,,9)),-1,IF(INDEX(_xlpm.x,,10)="",0,INDEX(_xlpm.x,,10)),1),IFERROR(_xlfn.CHOOSECOLS(_xlfn.TAKE(_xlpm.y,1),8,9,10),""))} | E19: 7 | F19: 22000 | G19: {=_xlfn.LET(_xlpm.d,'페이백 미포함'!$A$2:$K$2061,_xlpm.p,_xlfn.XLOOKUP($B19,참조!$K$2:$K$30,IF(참조!$L$2:$L$30<>"",참조!$L$2:$L$30,참조!$M$2:$M$30),""),_xlpm.n,IF(OR($C19="SK",$C19="SKT"),"SKT",$C19),_xlpm.k,SUBSTITUTE(G$3,"GB","G"),_xlpm.s,_xlfn.XLOOKUP(_xlpm.k,참조!$F$2:$F$15,참조!$B$2:$B$15,""),_xlpm.v,_xlfn.XLOOKUP(_xlpm.k,참조!$F$2:$F$15,참조!$D$2:$D$15,""),_xlpm.t,_xlfn.XLOOKUP(_xlpm.k,참조!$F$2:$F$15,참조!$E$2:$E$15,""),_xlpm.x,_xlfn._xlws.FILTER(_xlpm.d,(INDEX(_xlpm.d,,1)=_xlpm.p)*(INDEX(_xlpm.d,,3)=_xlpm.v)*(INDEX(_xlpm.d,,4)=_xlpm.t)*(INDEX(_xlpm.d,,5)=_xlpm.s)*(INDEX(_xlpm.d,,6)=_xlpm.n)*(INDEX(_xlpm.d,,11)="RS")),_xlpm.y,_xlfn.SORTBY(_xlpm.x,INDEX(_xlpm.x,,8),1,IF(INDEX(_xlpm.x,,9)="",1E+99,INDEX(_xlpm.x,,9)),-1,IF(INDEX(_xlpm.x,,10)="",0,INDEX(_xlpm.x,,10)),1),IFERROR(_xlfn.CHOOSECOLS(_xlfn.TAKE(_xlpm.y,1),8,9,10),""))} | H19: 7 | I19: 28600 | J19: {=_xlfn.LET(_xlpm.d,'페이백 미포함'!$A$2:$K$2061,_xlpm.p,_xlfn.XLOOKUP($B19,참조!$K$2:$K$30,IF(참조!$L$2:$L$30<>"",참조!$L$2:$L$30,참조!$M$2:$M$30),""),_xlpm.n,IF(OR($C19="SK",$C19="SKT"),"SKT",$C19),_xlpm.k,SUBSTITUTE(J$3,"GB","G"),_xlpm.s,_xlfn.XLOOKUP(_xlpm.k,참조!$F$2:$F$15,참조!$B$2:$B$15,""),_xlpm.v,_xlfn.XLOOKUP(_xlpm.k,참조!$F$2:$F$15,참조!$D$2:$D$15,""),_xlpm.t,_xlfn.XLOOKUP(_xlpm.k,참조!$F$2:$F$15,참조!$E$2:$E$15,""),_xlpm.x,_xlfn._xlws.FILTER(_xlpm.d,(INDEX(_xlpm.d,,1)=_xlpm.p)*(INDEX(_xlpm.d,,3)=_xlpm.v)*(INDEX(_xlpm.d,,4)=_xlpm.t)*(INDEX(_xlpm.d,,5)=_xlpm.s)*(INDEX(_xlpm.d,,6)=_xlpm.n)*(INDEX(_xlpm.d,,11)="RS")),_xlpm.y,_xlfn.SORTBY(_xlpm.x,INDEX(_xlpm.x,,8),1,IF(INDEX(_xlpm.x,,9)="",1E+99,INDEX(_xlpm.x,,9)),-1,IF(INDEX(_xlpm.x,,10)="",0,INDEX(_xlpm.x,,10)),1),IFERROR(_xlfn.CHOOSECOLS(_xlfn.TAKE(_xlpm.y,1),8,9,10),""))} | K19: 7 | L19: 30800 | M19: {=_xlfn.LET(_xlpm.d,'페이백 미포함'!$A$2:$K$2061,_xlpm.p,_xlfn.XLOOKUP($B19,참조!$K$2:$K$30,IF(참조!$L$2:$L$30<>"",참조!$L$2:$L$30,참조!$M$2:$M$30),""),_xlpm.n,IF(OR($C19="SK",$C19="SKT"),"SKT",$C19),_xlpm.k,SUBSTITUTE(M$3,"GB","G"),_xlpm.s,_xlfn.XLOOKUP(_xlpm.k,참조!$F$2:$F$15,참조!$B$2:$B$15,""),_xlpm.v,_xlfn.XLOOKUP(_xlpm.k,참조!$F$2:$F$15,참조!$D$2:$D$15,""),_xlpm.t,_xlfn.XLOOKUP(_xlpm.k,참조!$F$2:$F$15,참조!$E$2:$E$15,""),_xlpm.x,_xlfn._xlws.FILTER(_xlpm.d,(INDEX(_xlpm.d,,1)=_xlpm.p)*(INDEX(_xlpm.d,,3)=_xlpm.v)*(INDEX(_xlpm.d,,4)=_xlpm.t)*(INDEX(_xlpm.d,,5)=_xlpm.s)*(INDEX(_xlpm.d,,6)=_xlpm.n)*(INDEX(_xlpm.d,,11)="RS")),_xlpm.y,_xlfn.SORTBY(_xlpm.x,INDEX(_xlpm.x,,8),1,IF(INDEX(_xlpm.x,,9)="",1E+99,INDEX(_xlpm.x,,9)),-1,IF(INDEX(_xlpm.x,,10)="",0,INDEX(_xlpm.x,,10)),1),IFERROR(_xlfn.CHOOSECOLS(_xlfn.TAKE(_xlpm.y,1),8,9,10),""))} | N19: 7 | O19: 36300 | P19: {=_xlfn.LET(_xlpm.d,'페이백 미포함'!$A$2:$K$2061,_xlpm.p,_xlfn.XLOOKUP($B19,참조!$K$2:$K$30,IF(참조!$L$2:$L$30<>"",참조!$L$2:$L$30,참조!$M$2:$M$30),""),_xlpm.n,IF(OR($C19="SK",$C19="SKT"),"SKT",$C19),_xlpm.k,SUBSTITUTE(P$3,"GB","G"),_xlpm.s,_xlfn.XLOOKUP(_xlpm.k,참조!$F$2:$F$15,참조!$B$2:$B$15,""),_xlpm.v,_xlfn.XLOOKUP(_xlpm.k,참조!$F$2:$F$15,참조!$D$2:$D$15,""),_xlpm.t,_xlfn.XLOOKUP(_xlpm.k,참조!$F$2:$F$15,참조!$E$2:$E$15,""),_xlpm.x,_xlfn._xlws.FILTER(_xlpm.d,(INDEX(_xlpm.d,,1)=_xlpm.p)*(INDEX(_xlpm.d,,3)=_xlpm.v)*(INDEX(_xlpm.d,,4)=_xlpm.t)*(INDEX(_xlpm.d,,5)=_xlpm.s)*(INDEX(_xlpm.d,,6)=_xlpm.n)*(INDEX(_xlpm.d,,11)="RS")),_xlpm.y,_xlfn.SORTBY(_xlpm.x,INDEX(_xlpm.x,,8),1,IF(INDEX(_xlpm.x,,9)="",1E+99,INDEX(_xlpm.x,,9)),-1,IF(INDEX(_xlpm.x,,10)="",0,INDEX(_xlpm.x,,10)),1),IFERROR(_xlfn.CHOOSECOLS(_xlfn.TAKE(_xlpm.y,1),8,9,10),""))} | Q19: 7 | R19: 46200 | S19: {=_xlfn.LET(_xlpm.d,'페이백 미포함'!$A$2:$K$2061,_xlpm.p,_xlfn.XLOOKUP($B19,참조!$K$2:$K$30,IF(참조!$L$2:$L$30<>"",참조!$L$2:$L$30,참조!$M$2:$M$30),""),_xlpm.n,IF(OR($C19="SK",$C19="SKT"),"SKT",$C19),_xlpm.k,SUBSTITUTE(S$3,"GB","G"),_xlpm.s,_xlfn.XLOOKUP(_xlpm.k,참조!$F$2:$F$15,참조!$B$2:$B$15,""),_xlpm.v,_xlfn.XLOOKUP(_xlpm.k,참조!$F$2:$F$15,참조!$D$2:$D$15,""),_xlpm.t,_xlfn.XLOOKUP(_xlpm.k,참조!$F$2:$F$15,참조!$E$2:$E$15,""),_xlpm.x,_xlfn._xlws.FILTER(_xlpm.d,(INDEX(_xlpm.d,,1)=_xlpm.p)*(INDEX(_xlpm.d,,3)=_xlpm.v)*(INDEX(_xlpm.d,,4)=_xlpm.t)*(INDEX(_xlpm.d,,5)=_xlpm.s)*(INDEX(_xlpm.d,,6)=_xlpm.n)*(INDEX(_xlpm.d,,11)="RS")),_xlpm.y,_xlfn.SORTBY(_xlpm.x,INDEX(_xlpm.x,,8),1,IF(INDEX(_xlpm.x,,9)="",1E+99,INDEX(_xlpm.x,,9)),-1,IF(INDEX(_xlpm.x,,10)="",0,INDEX(_xlpm.x,,10)),1),IFERROR(_xlfn.CHOOSECOLS(_xlfn.TAKE(_xlpm.y,1),8,9,10),""))} | T19: 7 | U19: 48420 | V19: {=_xlfn.LET(_xlpm.d,'페이백 미포함'!$A$2:$K$2061,_xlpm.p,_xlfn.XLOOKUP($B19,참조!$K$2:$K$30,IF(참조!$L$2:$L$30<>"",참조!$L$2:$L$30,참조!$M$2:$M$30),""),_xlpm.n,IF(OR($C19="SK",$C19="SKT"),"SKT",$C19),_xlpm.k,SUBSTITUTE(V$3,"GB","G"),_xlpm.s,_xlfn.XLOOKUP(_xlpm.k,참조!$F$2:$F$15,참조!$B$2:$B$15,""),_xlpm.v,_xlfn.XLOOKUP(_xlpm.k,참조!$F$2:$F$15,참조!$D$2:$D$15,""),_xlpm.t,_xlfn.XLOOKUP(_xlpm.k,참조!$F$2:$F$15,참조!$E$2:$E$15,""),_xlpm.x,_xlfn._xlws.FILTER(_xlpm.d,(INDEX(_xlpm.d,,1)=_xlpm.p)*(INDEX(_xlpm.d,,3)=_xlpm.v)*(INDEX(_xlpm.d,,4)=_xlpm.t)*(INDEX(_xlpm.d,,5)=_xlpm.s)*(INDEX(_xlpm.d,,6)=_xlpm.n)*(INDEX(_xlpm.d,,11)="RS")),_xlpm.y,_xlfn.SORTBY(_xlpm.x,INDEX(_xlpm.x,,8),1,IF(INDEX(_xlpm.x,,9)="",1E+99,INDEX(_xlpm.x,,9)),-1,IF(INDEX(_xlpm.x,,10)="",0,INDEX(_xlpm.x,,10)),1),IFERROR(_xlfn.CHOOSECOLS(_xlfn.TAKE(_xlpm.y,1),8,9,10),""))} | W19: 7 | X19: 50200 | Y19: {=_xlfn.LET(_xlpm.d,'페이백 미포함'!$A$2:$K$2061,_xlpm.p,_xlfn.XLOOKUP($B19,참조!$K$2:$K$30,IF(참조!$L$2:$L$30<>"",참조!$L$2:$L$30,참조!$M$2:$M$30),""),_xlpm.n,IF(OR($C19="SK",$C19="SKT"),"SKT",$C19),_xlpm.k,SUBSTITUTE(Y$3,"GB","G"),_xlpm.s,_xlfn.XLOOKUP(_xlpm.k,참조!$F$2:$F$15,참조!$B$2:$B$15,""),_xlpm.v,_xlfn.XLOOKUP(_xlpm.k,참조!$F$2:$F$15,참조!$D$2:$D$15,""),_xlpm.t,_xlfn.XLOOKUP(_xlpm.k,참조!$F$2:$F$15,참조!$E$2:$E$15,""),_xlpm.x,_xlfn._xlws.FILTER(_xlpm.d,(INDEX(_xlpm.d,,1)=_xlpm.p)*(INDEX(_xlpm.d,,3)=_xlpm.v)*(INDEX(_xlpm.d,,4)=_xlpm.t)*(INDEX(_xlpm.d,,5)=_xlpm.s)*(INDEX(_xlpm.d,,6)=_xlpm.n)*(INDEX(_xlpm.d,,11)="RS")),_xlpm.y,_xlfn.SORTBY(_xlpm.x,INDEX(_xlpm.x,,8),1,IF(INDEX(_xlpm.x,,9)="",1E+99,INDEX(_xlpm.x,,9)),-1,IF(INDEX(_xlpm.x,,10)="",0,INDEX(_xlpm.x,,10)),1),IFERROR(_xlfn.CHOOSECOLS(_xlfn.TAKE(_xlpm.y,1),8,9,10),""))} | Z19: 7 | AA19: 49001
B20: 스마텔 | C20: SK | D20: {=_xlfn.LET(_xlpm.d,'페이백 미포함'!$A$2:$K$2061,_xlpm.p,_xlfn.XLOOKUP($B20,참조!$K$2:$K$30,IF(참조!$L$2:$L$30<>"",참조!$L$2:$L$30,참조!$M$2:$M$30),""),_xlpm.n,IF(OR($C20="SK",$C20="SKT"),"SKT",$C20),_xlpm.k,SUBSTITUTE(D$3,"GB","G"),_xlpm.s,_xlfn.XLOOKUP(_xlpm.k,참조!$F$2:$F$15,참조!$B$2:$B$15,""),_xlpm.v,_xlfn.XLOOKUP(_xlpm.k,참조!$F$2:$F$15,참조!$D$2:$D$15,""),_xlpm.t,_xlfn.XLOOKUP(_xlpm.k,참조!$F$2:$F$15,참조!$E$2:$E$15,""),_xlpm.x,_xlfn._xlws.FILTER(_xlpm.d,(INDEX(_xlpm.d,,1)=_xlpm.p)*(INDEX(_xlpm.d,,3)=_xlpm.v)*(INDEX(_xlpm.d,,4)=_xlpm.t)*(INDEX(_xlpm.d,,5)=_xlpm.s)*(INDEX(_xlpm.d,,6)=_xlpm.n)*(INDEX(_xlpm.d,,11)="RS")),_xlpm.y,_xlfn.SORTBY(_xlpm.x,INDEX(_xlpm.x,,8),1,IF(INDEX(_xlpm.x,,9)="",1E+99,INDEX(_xlpm.x,,9)),-1,IF(INDEX(_xlpm.x,,10)="",0,INDEX(_xlpm.x,,10)),1),IFERROR(_xlfn.CHOOSECOLS(_xlfn.TAKE(_xlpm.y,1),8,9,10),""))} | E20: 7 | F20: 24200 | G20: {=_xlfn.LET(_xlpm.d,'페이백 미포함'!$A$2:$K$2061,_xlpm.p,_xlfn.XLOOKUP($B20,참조!$K$2:$K$30,IF(참조!$L$2:$L$30<>"",참조!$L$2:$L$30,참조!$M$2:$M$30),""),_xlpm.n,IF(OR($C20="SK",$C20="SKT"),"SKT",$C20),_xlpm.k,SUBSTITUTE(G$3,"GB","G"),_xlpm.s,_xlfn.XLOOKUP(_xlpm.k,참조!$F$2:$F$15,참조!$B$2:$B$15,""),_xlpm.v,_xlfn.XLOOKUP(_xlpm.k,참조!$F$2:$F$15,참조!$D$2:$D$15,""),_xlpm.t,_xlfn.XLOOKUP(_xlpm.k,참조!$F$2:$F$15,참조!$E$2:$E$15,""),_xlpm.x,_xlfn._xlws.FILTER(_xlpm.d,(INDEX(_xlpm.d,,1)=_xlpm.p)*(INDEX(_xlpm.d,,3)=_xlpm.v)*(INDEX(_xlpm.d,,4)=_xlpm.t)*(INDEX(_xlpm.d,,5)=_xlpm.s)*(INDEX(_xlpm.d,,6)=_xlpm.n)*(INDEX(_xlpm.d,,11)="RS")),_xlpm.y,_xlfn.SORTBY(_xlpm.x,INDEX(_xlpm.x,,8),1,IF(INDEX(_xlpm.x,,9)="",1E+99,INDEX(_xlpm.x,,9)),-1,IF(INDEX(_xlpm.x,,10)="",0,INDEX(_xlpm.x,,10)),1),IFERROR(_xlfn.CHOOSECOLS(_xlfn.TAKE(_xlpm.y,1),8,9,10),""))} | H20: 7 | I20: 33000 | J20: {=_xlfn.LET(_xlpm.d,'페이백 미포함'!$A$2:$K$2061,_xlpm.p,_xlfn.XLOOKUP($B20,참조!$K$2:$K$30,IF(참조!$L$2:$L$30<>"",참조!$L$2:$L$30,참조!$M$2:$M$30),""),_xlpm.n,IF(OR($C20="SK",$C20="SKT"),"SKT",$C20),_xlpm.k,SUBSTITUTE(J$3,"GB","G"),_xlpm.s,_xlfn.XLOOKUP(_xlpm.k,참조!$F$2:$F$15,참조!$B$2:$B$15,""),_xlpm.v,_xlfn.XLOOKUP(_xlpm.k,참조!$F$2:$F$15,참조!$D$2:$D$15,""),_xlpm.t,_xlfn.XLOOKUP(_xlpm.k,참조!$F$2:$F$15,참조!$E$2:$E$15,""),_xlpm.x,_xlfn._xlws.FILTER(_xlpm.d,(INDEX(_xlpm.d,,1)=_xlpm.p)*(INDEX(_xlpm.d,,3)=_xlpm.v)*(INDEX(_xlpm.d,,4)=_xlpm.t)*(INDEX(_xlpm.d,,5)=_xlpm.s)*(INDEX(_xlpm.d,,6)=_xlpm.n)*(INDEX(_xlpm.d,,11)="RS")),_xlpm.y,_xlfn.SORTBY(_xlpm.x,INDEX(_xlpm.x,,8),1,IF(INDEX(_xlpm.x,,9)="",1E+99,INDEX(_xlpm.x,,9)),-1,IF(INDEX(_xlpm.x,,10)="",0,INDEX(_xlpm.x,,10)),1),IFERROR(_xlfn.CHOOSECOLS(_xlfn.TAKE(_xlpm.y,1),8,9,10),""))} | K20: 7 | L20: 34100 | M20: {=_xlfn.LET(_xlpm.d,'페이백 미포함'!$A$2:$K$2061,_xlpm.p,_xlfn.XLOOKUP($B20,참조!$K$2:$K$30,IF(참조!$L$2:$L$30<>"",참조!$L$2:$L$30,참조!$M$2:$M$30),""),_xlpm.n,IF(OR($C20="SK",$C20="SKT"),"SKT",$C20),_xlpm.k,SUBSTITUTE(M$3,"GB","G"),_xlpm.s,_xlfn.XLOOKUP(_xlpm.k,참조!$F$2:$F$15,참조!$B$2:$B$15,""),_xlpm.v,_xlfn.XLOOKUP(_xlpm.k,참조!$F$2:$F$15,참조!$D$2:$D$15,""),_xlpm.t,_xlfn.XLOOKUP(_xlpm.k,참조!$F$2:$F$15,참조!$E$2:$E$15,""),_xlpm.x,_xlfn._xlws.FILTER(_xlpm.d,(INDEX(_xlpm.d,,1)=_xlpm.p)*(INDEX(_xlpm.d,,3)=_xlpm.v)*(INDEX(_xlpm.d,,4)=_xlpm.t)*(INDEX(_xlpm.d,,5)=_xlpm.s)*(INDEX(_xlpm.d,,6)=_xlpm.n)*(INDEX(_xlpm.d,,11)="RS")),_xlpm.y,_xlfn.SORTBY(_xlpm.x,INDEX(_xlpm.x,,8),1,IF(INDEX(_xlpm.x,,9)="",1E+99,INDEX(_xlpm.x,,9)),-1,IF(INDEX(_xlpm.x,,10)="",0,INDEX(_xlpm.x,,10)),1),IFERROR(_xlfn.CHOOSECOLS(_xlfn.TAKE(_xlpm.y,1),8,9,10),""))} | N20: 7 | O20: 40700 | P20: {=_xlfn.LET(_xlpm.d,'페이백 미포함'!$A$2:$K$2061,_xlpm.p,_xlfn.XLOOKUP($B20,참조!$K$2:$K$30,IF(참조!$L$2:$L$30<>"",참조!$L$2:$L$30,참조!$M$2:$M$30),""),_xlpm.n,IF(OR($C20="SK",$C20="SKT"),"SKT",$C20),_xlpm.k,SUBSTITUTE(P$3,"GB","G"),_xlpm.s,_xlfn.XLOOKUP(_xlpm.k,참조!$F$2:$F$15,참조!$B$2:$B$15,""),_xlpm.v,_xlfn.XLOOKUP(_xlpm.k,참조!$F$2:$F$15,참조!$D$2:$D$15,""),_xlpm.t,_xlfn.XLOOKUP(_xlpm.k,참조!$F$2:$F$15,참조!$E$2:$E$15,""),_xlpm.x,_xlfn._xlws.FILTER(_xlpm.d,(INDEX(_xlpm.d,,1)=_xlpm.p)*(INDEX(_xlpm.d,,3)=_xlpm.v)*(INDEX(_xlpm.d,,4)=_xlpm.t)*(INDEX(_xlpm.d,,5)=_xlpm.s)*(INDEX(_xlpm.d,,6)=_xlpm.n)*(INDEX(_xlpm.d,,11)="RS")),_xlpm.y,_xlfn.SORTBY(_xlpm.x,INDEX(_xlpm.x,,8),1,IF(INDEX(_xlpm.x,,9)="",1E+99,INDEX(_xlpm.x,,9)),-1,IF(INDEX(_xlpm.x,,10)="",0,INDEX(_xlpm.x,,10)),1),IFERROR(_xlfn.CHOOSECOLS(_xlfn.TAKE(_xlpm.y,1),8,9,10),""))} | Q20: 7 | R20: 47300 | S20: {=_xlfn.LET(_xlpm.d,'페이백 미포함'!$A$2:$K$2061,_xlpm.p,_xlfn.XLOOKUP($B20,참조!$K$2:$K$30,IF(참조!$L$2:$L$30<>"",참조!$L$2:$L$30,참조!$M$2:$M$30),""),_xlpm.n,IF(OR($C20="SK",$C20="SKT"),"SKT",$C20),_xlpm.k,SUBSTITUTE(S$3,"GB","G"),_xlpm.s,_xlfn.XLOOKUP(_xlpm.k,참조!$F$2:$F$15,참조!$B$2:$B$15,""),_xlpm.v,_xlfn.XLOOKUP(_xlpm.k,참조!$F$2:$F$15,참조!$D$2:$D$15,""),_xlpm.t,_xlfn.XLOOKUP(_xlpm.k,참조!$F$2:$F$15,참조!$E$2:$E$15,""),_xlpm.x,_xlfn._xlws.FILTER(_xlpm.d,(INDEX(_xlpm.d,,1)=_xlpm.p)*(INDEX(_xlpm.d,,3)=_xlpm.v)*(INDEX(_xlpm.d,,4)=_xlpm.t)*(INDEX(_xlpm.d,,5)=_xlpm.s)*(INDEX(_xlpm.d,,6)=_xlpm.n)*(INDEX(_xlpm.d,,11)="RS")),_xlpm.y,_xlfn.SORTBY(_xlpm.x,INDEX(_xlpm.x,,8),1,IF(INDEX(_xlpm.x,,9)="",1E+99,INDEX(_xlpm.x,,9)),-1,IF(INDEX(_xlpm.x,,10)="",0,INDEX(_xlpm.x,,10)),1),IFERROR(_xlfn.CHOOSECOLS(_xlfn.TAKE(_xlpm.y,1),8,9,10),""))} | V20: {=_xlfn.LET(_xlpm.d,'페이백 미포함'!$A$2:$K$2061,_xlpm.p,_xlfn.XLOOKUP($B20,참조!$K$2:$K$30,IF(참조!$L$2:$L$30<>"",참조!$L$2:$L$30,참조!$M$2:$M$30),""),_xlpm.n,IF(OR($C20="SK",$C20="SKT"),"SKT",$C20),_xlpm.k,SUBSTITUTE(V$3,"GB","G"),_xlpm.s,_xlfn.XLOOKUP(_xlpm.k,참조!$F$2:$F$15,참조!$B$2:$B$15,""),_xlpm.v,_xlfn.XLOOKUP(_xlpm.k,참조!$F$2:$F$15,참조!$D$2:$D$15,""),_xlpm.t,_xlfn.XLOOKUP(_xlpm.k,참조!$F$2:$F$15,참조!$E$2:$E$15,""),_xlpm.x,_xlfn._xlws.FILTER(_xlpm.d,(INDEX(_xlpm.d,,1)=_xlpm.p)*(INDEX(_xlpm.d,,3)=_xlpm.v)*(INDEX(_xlpm.d,,4)=_xlpm.t)*(INDEX(_xlpm.d,,5)=_xlpm.s)*(INDEX(_xlpm.d,,6)=_xlpm.n)*(INDEX(_xlpm.d,,11)="RS")),_xlpm.y,_xlfn.SORTBY(_xlpm.x,INDEX(_xlpm.x,,8),1,IF(INDEX(_xlpm.x,,9)="",1E+99,INDEX(_xlpm.x,,9)),-1,IF(INDEX(_xlpm.x,,10)="",0,INDEX(_xlpm.x,,10)),1),IFERROR(_xlfn.CHOOSECOLS(_xlfn.TAKE(_xlpm.y,1),8,9,10),""))} | Y20: {=_xlfn.LET(_xlpm.d,'페이백 미포함'!$A$2:$K$2061,_xlpm.p,_xlfn.XLOOKUP($B20,참조!$K$2:$K$30,IF(참조!$L$2:$L$30<>"",참조!$L$2:$L$30,참조!$M$2:$M$30),""),_xlpm.n,IF(OR($C20="SK",$C20="SKT"),"SKT",$C20),_xlpm.k,SUBSTITUTE(Y$3,"GB","G"),_xlpm.s,_xlfn.XLOOKUP(_xlpm.k,참조!$F$2:$F$15,참조!$B$2:$B$15,""),_xlpm.v,_xlfn.XLOOKUP(_xlpm.k,참조!$F$2:$F$15,참조!$D$2:$D$15,""),_xlpm.t,_xlfn.XLOOKUP(_xlpm.k,참조!$F$2:$F$15,참조!$E$2:$E$15,""),_xlpm.x,_xlfn._xlws.FILTER(_xlpm.d,(INDEX(_xlpm.d,,1)=_xlpm.p)*(INDEX(_xlpm.d,,3)=_xlpm.v)*(INDEX(_xlpm.d,,4)=_xlpm.t)*(INDEX(_xlpm.d,,5)=_xlpm.s)*(INDEX(_xlpm.d,,6)=_xlpm.n)*(INDEX(_xlpm.d,,11)="RS")),_xlpm.y,_xlfn.SORTBY(_xlpm.x,INDEX(_xlpm.x,,8),1,IF(INDEX(_xlpm.x,,9)="",1E+99,INDEX(_xlpm.x,,9)),-1,IF(INDEX(_xlpm.x,,10)="",0,INDEX(_xlpm.x,,10)),1),IFERROR(_xlfn.CHOOSECOLS(_xlfn.TAKE(_xlpm.y,1),8,9,10),""))}
B21: =B20 | C21: KT | D21: {=_xlfn.LET(_xlpm.d,'페이백 미포함'!$A$2:$K$2061,_xlpm.p,_xlfn.XLOOKUP($B21,참조!$K$2:$K$30,IF(참조!$L$2:$L$30<>"",참조!$L$2:$L$30,참조!$M$2:$M$30),""),_xlpm.n,IF(OR($C21="SK",$C21="SKT"),"SKT",$C21),_xlpm.k,SUBSTITUTE(D$3,"GB","G"),_xlpm.s,_xlfn.XLOOKUP(_xlpm.k,참조!$F$2:$F$15,참조!$B$2:$B$15,""),_xlpm.v,_xlfn.XLOOKUP(_xlpm.k,참조!$F$2:$F$15,참조!$D$2:$D$15,""),_xlpm.t,_xlfn.XLOOKUP(_xlpm.k,참조!$F$2:$F$15,참조!$E$2:$E$15,""),_xlpm.x,_xlfn._xlws.FILTER(_xlpm.d,(INDEX(_xlpm.d,,1)=_xlpm.p)*(INDEX(_xlpm.d,,3)=_xlpm.v)*(INDEX(_xlpm.d,,4)=_xlpm.t)*(INDEX(_xlpm.d,,5)=_xlpm.s)*(INDEX(_xlpm.d,,6)=_xlpm.n)*(INDEX(_xlpm.d,,11)="RS")),_xlpm.y,_xlfn.SORTBY(_xlpm.x,INDEX(_xlpm.x,,8),1,IF(INDEX(_xlpm.x,,9)="",1E+99,INDEX(_xlpm.x,,9)),-1,IF(INDEX(_xlpm.x,,10)="",0,INDEX(_xlpm.x,,10)),1),IFERROR(_xlfn.CHOOSECOLS(_xlfn.TAKE(_xlpm.y,1),8,9,10),""))} | E21: 12 | F21: 25300 | G21: {=_xlfn.LET(_xlpm.d,'페이백 미포함'!$A$2:$K$2061,_xlpm.p,_xlfn.XLOOKUP($B21,참조!$K$2:$K$30,IF(참조!$L$2:$L$30<>"",참조!$L$2:$L$30,참조!$M$2:$M$30),""),_xlpm.n,IF(OR($C21="SK",$C21="SKT"),"SKT",$C21),_xlpm.k,SUBSTITUTE(G$3,"GB","G"),_xlpm.s,_xlfn.XLOOKUP(_xlpm.k,참조!$F$2:$F$15,참조!$B$2:$B$15,""),_xlpm.v,_xlfn.XLOOKUP(_xlpm.k,참조!$F$2:$F$15,참조!$D$2:$D$15,""),_xlpm.t,_xlfn.XLOOKUP(_xlpm.k,참조!$F$2:$F$15,참조!$E$2:$E$15,""),_xlpm.x,_xlfn._xlws.FILTER(_xlpm.d,(INDEX(_xlpm.d,,1)=_xlpm.p)*(INDEX(_xlpm.d,,3)=_xlpm.v)*(INDEX(_xlpm.d,,4)=_xlpm.t)*(INDEX(_xlpm.d,,5)=_xlpm.s)*(INDEX(_xlpm.d,,6)=_xlpm.n)*(INDEX(_xlpm.d,,11)="RS")),_xlpm.y,_xlfn.SORTBY(_xlpm.x,INDEX(_xlpm.x,,8),1,IF(INDEX(_xlpm.x,,9)="",1E+99,INDEX(_xlpm.x,,9)),-1,IF(INDEX(_xlpm.x,,10)="",0,INDEX(_xlpm.x,,10)),1),IFERROR(_xlfn.CHOOSECOLS(_xlfn.TAKE(_xlpm.y,1),8,9,10),""))} | H21: 7 | I21: 33000 | J21: {=_xlfn.LET(_xlpm.d,'페이백 미포함'!$A$2:$K$2061,_xlpm.p,_xlfn.XLOOKUP($B21,참조!$K$2:$K$30,IF(참조!$L$2:$L$30<>"",참조!$L$2:$L$30,참조!$M$2:$M$30),""),_xlpm.n,IF(OR($C21="SK",$C21="SKT"),"SKT",$C21),_xlpm.k,SUBSTITUTE(J$3,"GB","G"),_xlpm.s,_xlfn.XLOOKUP(_xlpm.k,참조!$F$2:$F$15,참조!$B$2:$B$15,""),_xlpm.v,_xlfn.XLOOKUP(_xlpm.k,참조!$F$2:$F$15,참조!$D$2:$D$15,""),_xlpm.t,_xlfn.XLOOKUP(_xlpm.k,참조!$F$2:$F$15,참조!$E$2:$E$15,""),_xlpm.x,_xlfn._xlws.FILTER(_xlpm.d,(INDEX(_xlpm.d,,1)=_xlpm.p)*(INDEX(_xlpm.d,,3)=_xlpm.v)*(INDEX(_xlpm.d,,4)=_xlpm.t)*(INDEX(_xlpm.d,,5)=_xlpm.s)*(INDEX(_xlpm.d,,6)=_xlpm.n)*(INDEX(_xlpm.d,,11)="RS")),_xlpm.y,_xlfn.SORTBY(_xlpm.x,INDEX(_xlpm.x,,8),1,IF(INDEX(_xlpm.x,,9)="",1E+99,INDEX(_xlpm.x,,9)),-1,IF(INDEX(_xlpm.x,,10)="",0,INDEX(_xlpm.x,,10)),1),IFERROR(_xlfn.CHOOSECOLS(_xlfn.TAKE(_xlpm.y,1),8,9,10),""))} | K21: 7 | L21: 34100 | M21: {=_xlfn.LET(_xlpm.d,'페이백 미포함'!$A$2:$K$2061,_xlpm.p,_xlfn.XLOOKUP($B21,참조!$K$2:$K$30,IF(참조!$L$2:$L$30<>"",참조!$L$2:$L$30,참조!$M$2:$M$30),""),_xlpm.n,IF(OR($C21="SK",$C21="SKT"),"SKT",$C21),_xlpm.k,SUBSTITUTE(M$3,"GB","G"),_xlpm.s,_xlfn.XLOOKUP(_xlpm.k,참조!$F$2:$F$15,참조!$B$2:$B$15,""),_xlpm.v,_xlfn.XLOOKUP(_xlpm.k,참조!$F$2:$F$15,참조!$D$2:$D$15,""),_xlpm.t,_xlfn.XLOOKUP(_xlpm.k,참조!$F$2:$F$15,참조!$E$2:$E$15,""),_xlpm.x,_xlfn._xlws.FILTER(_xlpm.d,(INDEX(_xlpm.d,,1)=_xlpm.p)*(INDEX(_xlpm.d,,3)=_xlpm.v)*(INDEX(_xlpm.d,,4)=_xlpm.t)*(INDEX(_xlpm.d,,5)=_xlpm.s)*(INDEX(_xlpm.d,,6)=_xlpm.n)*(INDEX(_xlpm.d,,11)="RS")),_xlpm.y,_xlfn.SORTBY(_xlpm.x,INDEX(_xlpm.x,,8),1,IF(INDEX(_xlpm.x,,9)="",1E+99,INDEX(_xlpm.x,,9)),-1,IF(INDEX(_xlpm.x,,10)="",0,INDEX(_xlpm.x,,10)),1),IFERROR(_xlfn.CHOOSECOLS(_xlfn.TAKE(_xlpm.y,1),8,9,10),""))} | N21: 7 | O21: 40700 | P21: {=_xlfn.LET(_xlpm.d,'페이백 미포함'!$A$2:$K$2061,_xlpm.p,_xlfn.XLOOKUP($B21,참조!$K$2:$K$30,IF(참조!$L$2:$L$30<>"",참조!$L$2:$L$30,참조!$M$2:$M$30),""),_xlpm.n,IF(OR($C21="SK",$C21="SKT"),"SKT",$C21),_xlpm.k,SUBSTITUTE(P$3,"GB","G"),_xlpm.s,_xlfn.XLOOKUP(_xlpm.k,참조!$F$2:$F$15,참조!$B$2:$B$15,""),_xlpm.v,_xlfn.XLOOKUP(_xlpm.k,참조!$F$2:$F$15,참조!$D$2:$D$15,""),_xlpm.t,_xlfn.XLOOKUP(_xlpm.k,참조!$F$2:$F$15,참조!$E$2:$E$15,""),_xlpm.x,_xlfn._xlws.FILTER(_xlpm.d,(INDEX(_xlpm.d,,1)=_xlpm.p)*(INDEX(_xlpm.d,,3)=_xlpm.v)*(INDEX(_xlpm.d,,4)=_xlpm.t)*(INDEX(_xlpm.d,,5)=_xlpm.s)*(INDEX(_xlpm.d,,6)=_xlpm.n)*(INDEX(_xlpm.d,,11)="RS")),_xlpm.y,_xlfn.SORTBY(_xlpm.x,INDEX(_xlpm.x,,8),1,IF(INDEX(_xlpm.x,,9)="",1E+99,INDEX(_xlpm.x,,9)),-1,IF(INDEX(_xlpm.x,,10)="",0,INDEX(_xlpm.x,,10)),1),IFERROR(_xlfn.CHOOSECOLS(_xlfn.TAKE(_xlpm.y,1),8,9,10),""))} | Q21: 7 | R21: 47630 | S21: {=_xlfn.LET(_xlpm.d,'페이백 미포함'!$A$2:$K$2061,_xlpm.p,_xlfn.XLOOKUP($B21,참조!$K$2:$K$30,IF(참조!$L$2:$L$30<>"",참조!$L$2:$L$30,참조!$M$2:$M$30),""),_xlpm.n,IF(OR($C21="SK",$C21="SKT"),"SKT",$C21),_xlpm.k,SUBSTITUTE(S$3,"GB","G"),_xlpm.s,_xlfn.XLOOKUP(_xlpm.k,참조!$F$2:$F$15,참조!$B$2:$B$15,""),_xlpm.v,_xlfn.XLOOKUP(_xlpm.k,참조!$F$2:$F$15,참조!$D$2:$D$15,""),_xlpm.t,_xlfn.XLOOKUP(_xlpm.k,참조!$F$2:$F$15,참조!$E$2:$E$15,""),_xlpm.x,_xlfn._xlws.FILTER(_xlpm.d,(INDEX(_xlpm.d,,1)=_xlpm.p)*(INDEX(_xlpm.d,,3)=_xlpm.v)*(INDEX(_xlpm.d,,4)=_xlpm.t)*(INDEX(_xlpm.d,,5)=_xlpm.s)*(INDEX(_xlpm.d,,6)=_xlpm.n)*(INDEX(_xlpm.d,,11)="RS")),_xlpm.y,_xlfn.SORTBY(_xlpm.x,INDEX(_xlpm.x,,8),1,IF(INDEX(_xlpm.x,,9)="",1E+99,INDEX(_xlpm.x,,9)),-1,IF(INDEX(_xlpm.x,,10)="",0,INDEX(_xlpm.x,,10)),1),IFERROR(_xlfn.CHOOSECOLS(_xlfn.TAKE(_xlpm.y,1),8,9,10),""))} | V21: {=_xlfn.LET(_xlpm.d,'페이백 미포함'!$A$2:$K$2061,_xlpm.p,_xlfn.XLOOKUP($B21,참조!$K$2:$K$30,IF(참조!$L$2:$L$30<>"",참조!$L$2:$L$30,참조!$M$2:$M$30),""),_xlpm.n,IF(OR($C21="SK",$C21="SKT"),"SKT",$C21),_xlpm.k,SUBSTITUTE(V$3,"GB","G"),_xlpm.s,_xlfn.XLOOKUP(_xlpm.k,참조!$F$2:$F$15,참조!$B$2:$B$15,""),_xlpm.v,_xlfn.XLOOKUP(_xlpm.k,참조!$F$2:$F$15,참조!$D$2:$D$15,""),_xlpm.t,_xlfn.XLOOKUP(_xlpm.k,참조!$F$2:$F$15,참조!$E$2:$E$15,""),_xlpm.x,_xlfn._xlws.FILTER(_xlpm.d,(INDEX(_xlpm.d,,1)=_xlpm.p)*(INDEX(_xlpm.d,,3)=_xlpm.v)*(INDEX(_xlpm.d,,4)=_xlpm.t)*(INDEX(_xlpm.d,,5)=_xlpm.s)*(INDEX(_xlpm.d,,6)=_xlpm.n)*(INDEX(_xlpm.d,,11)="RS")),_xlpm.y,_xlfn.SORTBY(_xlpm.x,INDEX(_xlpm.x,,8),1,IF(INDEX(_xlpm.x,,9)="",1E+99,INDEX(_xlpm.x,,9)),-1,IF(INDEX(_xlpm.x,,10)="",0,INDEX(_xlpm.x,,10)),1),IFERROR(_xlfn.CHOOSECOLS(_xlfn.TAKE(_xlpm.y,1),8,9,10),""))} | Y21: {=_xlfn.LET(_xlpm.d,'페이백 미포함'!$A$2:$K$2061,_xlpm.p,_xlfn.XLOOKUP($B21,참조!$K$2:$K$30,IF(참조!$L$2:$L$30<>"",참조!$L$2:$L$30,참조!$M$2:$M$30),""),_xlpm.n,IF(OR($C21="SK",$C21="SKT"),"SKT",$C21),_xlpm.k,SUBSTITUTE(Y$3,"GB","G"),_xlpm.s,_xlfn.XLOOKUP(_xlpm.k,참조!$F$2:$F$15,참조!$B$2:$B$15,""),_xlpm.v,_xlfn.XLOOKUP(_xlpm.k,참조!$F$2:$F$15,참조!$D$2:$D$15,""),_xlpm.t,_xlfn.XLOOKUP(_xlpm.k,참조!$F$2:$F$15,참조!$E$2:$E$15,""),_xlpm.x,_xlfn._xlws.FILTER(_xlpm.d,(INDEX(_xlpm.d,,1)=_xlpm.p)*(INDEX(_xlpm.d,,3)=_xlpm.v)*(INDEX(_xlpm.d,,4)=_xlpm.t)*(INDEX(_xlpm.d,,5)=_xlpm.s)*(INDEX(_xlpm.d,,6)=_xlpm.n)*(INDEX(_xlpm.d,,11)="RS")),_xlpm.y,_xlfn.SORTBY(_xlpm.x,INDEX(_xlpm.x,,8),1,IF(INDEX(_xlpm.x,,9)="",1E+99,INDEX(_xlpm.x,,9)),-1,IF(INDEX(_xlpm.x,,10)="",0,INDEX(_xlpm.x,,10)),1),IFERROR(_xlfn.CHOOSECOLS(_xlfn.TAKE(_xlpm.y,1),8,9,10),""))}
B22: =B21 | C22: LG U+ | D22: {=_xlfn.LET(_xlpm.d,'페이백 미포함'!$A$2:$K$2061,_xlpm.p,_xlfn.XLOOKUP($B22,참조!$K$2:$K$30,IF(참조!$L$2:$L$30<>"",참조!$L$2:$L$30,참조!$M$2:$M$30),""),_xlpm.n,IF(OR($C22="SK",$C22="SKT"),"SKT",$C22),_xlpm.k,SUBSTITUTE(D$3,"GB","G"),_xlpm.s,_xlfn.XLOOKUP(_xlpm.k,참조!$F$2:$F$15,참조!$B$2:$B$15,""),_xlpm.v,_xlfn.XLOOKUP(_xlpm.k,참조!$F$2:$F$15,참조!$D$2:$D$15,""),_xlpm.t,_xlfn.XLOOKUP(_xlpm.k,참조!$F$2:$F$15,참조!$E$2:$E$15,""),_xlpm.x,_xlfn._xlws.FILTER(_xlpm.d,(INDEX(_xlpm.d,,1)=_xlpm.p)*(INDEX(_xlpm.d,,3)=_xlpm.v)*(INDEX(_xlpm.d,,4)=_xlpm.t)*(INDEX(_xlpm.d,,5)=_xlpm.s)*(INDEX(_xlpm.d,,6)=_xlpm.n)*(INDEX(_xlpm.d,,11)="RS")),_xlpm.y,_xlfn.SORTBY(_xlpm.x,INDEX(_xlpm.x,,8),1,IF(INDEX(_xlpm.x,,9)="",1E+99,INDEX(_xlpm.x,,9)),-1,IF(INDEX(_xlpm.x,,10)="",0,INDEX(_xlpm.x,,10)),1),IFERROR(_xlfn.CHOOSECOLS(_xlfn.TAKE(_xlpm.y,1),8,9,10),""))} | E22: 7 | F22: 24200 | G22: {=_xlfn.LET(_xlpm.d,'페이백 미포함'!$A$2:$K$2061,_xlpm.p,_xlfn.XLOOKUP($B22,참조!$K$2:$K$30,IF(참조!$L$2:$L$30<>"",참조!$L$2:$L$30,참조!$M$2:$M$30),""),_xlpm.n,IF(OR($C22="SK",$C22="SKT"),"SKT",$C22),_xlpm.k,SUBSTITUTE(G$3,"GB","G"),_xlpm.s,_xlfn.XLOOKUP(_xlpm.k,참조!$F$2:$F$15,참조!$B$2:$B$15,""),_xlpm.v,_xlfn.XLOOKUP(_xlpm.k,참조!$F$2:$F$15,참조!$D$2:$D$15,""),_xlpm.t,_xlfn.XLOOKUP(_xlpm.k,참조!$F$2:$F$15,참조!$E$2:$E$15,""),_xlpm.x,_xlfn._xlws.FILTER(_xlpm.d,(INDEX(_xlpm.d,,1)=_xlpm.p)*(INDEX(_xlpm.d,,3)=_xlpm.v)*(INDEX(_xlpm.d,,4)=_xlpm.t)*(INDEX(_xlpm.d,,5)=_xlpm.s)*(INDEX(_xlpm.d,,6)=_xlpm.n)*(INDEX(_xlpm.d,,11)="RS")),_xlpm.y,_xlfn.SORTBY(_xlpm.x,INDEX(_xlpm.x,,8),1,IF(INDEX(_xlpm.x,,9)="",1E+99,INDEX(_xlpm.x,,9)),-1,IF(INDEX(_xlpm.x,,10)="",0,INDEX(_xlpm.x,,10)),1),IFERROR(_xlfn.CHOOSECOLS(_xlfn.TAKE(_xlpm.y,1),8,9,10),""))} | H22: 7 | I22: 33000 | J22: {=_xlfn.LET(_xlpm.d,'페이백 미포함'!$A$2:$K$2061,_xlpm.p,_xlfn.XLOOKUP($B22,참조!$K$2:$K$30,IF(참조!$L$2:$L$30<>"",참조!$L$2:$L$30,참조!$M$2:$M$30),""),_xlpm.n,IF(OR($C22="SK",$C22="SKT"),"SKT",$C22),_xlpm.k,SUBSTITUTE(J$3,"GB","G"),_xlpm.s,_xlfn.XLOOKUP(_xlpm.k,참조!$F$2:$F$15,참조!$B$2:$B$15,""),_xlpm.v,_xlfn.XLOOKUP(_xlpm.k,참조!$F$2:$F$15,참조!$D$2:$D$15,""),_xlpm.t,_xlfn.XLOOKUP(_xlpm.k,참조!$F$2:$F$15,참조!$E$2:$E$15,""),_xlpm.x,_xlfn._xlws.FILTER(_xlpm.d,(INDEX(_xlpm.d,,1)=_xlpm.p)*(INDEX(_xlpm.d,,3)=_xlpm.v)*(INDEX(_xlpm.d,,4)=_xlpm.t)*(INDEX(_xlpm.d,,5)=_xlpm.s)*(INDEX(_xlpm.d,,6)=_xlpm.n)*(INDEX(_xlpm.d,,11)="RS")),_xlpm.y,_xlfn.SORTBY(_xlpm.x,INDEX(_xlpm.x,,8),1,IF(INDEX(_xlpm.x,,9)="",1E+99,INDEX(_xlpm.x,,9)),-1,IF(INDEX(_xlpm.x,,10)="",0,INDEX(_xlpm.x,,10)),1),IFERROR(_xlfn.CHOOSECOLS(_xlfn.TAKE(_xlpm.y,1),8,9,10),""))} | K22: 7 | L22: 34100 | M22: {=_xlfn.LET(_xlpm.d,'페이백 미포함'!$A$2:$K$2061,_xlpm.p,_xlfn.XLOOKUP($B22,참조!$K$2:$K$30,IF(참조!$L$2:$L$30<>"",참조!$L$2:$L$30,참조!$M$2:$M$30),""),_xlpm.n,IF(OR($C22="SK",$C22="SKT"),"SKT",$C22),_xlpm.k,SUBSTITUTE(M$3,"GB","G"),_xlpm.s,_xlfn.XLOOKUP(_xlpm.k,참조!$F$2:$F$15,참조!$B$2:$B$15,""),_xlpm.v,_xlfn.XLOOKUP(_xlpm.k,참조!$F$2:$F$15,참조!$D$2:$D$15,""),_xlpm.t,_xlfn.XLOOKUP(_xlpm.k,참조!$F$2:$F$15,참조!$E$2:$E$15,""),_xlpm.x,_xlfn._xlws.FILTER(_xlpm.d,(INDEX(_xlpm.d,,1)=_xlpm.p)*(INDEX(_xlpm.d,,3)=_xlpm.v)*(INDEX(_xlpm.d,,4)=_xlpm.t)*(INDEX(_xlpm.d,,5)=_xlpm.s)*(INDEX(_xlpm.d,,6)=_xlpm.n)*(INDEX(_xlpm.d,,11)="RS")),_xlpm.y,_xlfn.SORTBY(_xlpm.x,INDEX(_xlpm.x,,8),1,IF(INDEX(_xlpm.x,,9)="",1E+99,INDEX(_xlpm.x,,9)),-1,IF(INDEX(_xlpm.x,,10)="",0,INDEX(_xlpm.x,,10)),1),IFERROR(_xlfn.CHOOSECOLS(_xlfn.TAKE(_xlpm.y,1),8,9,10),""))} | N22: 7 | O22: 40700 | P22: {=_xlfn.LET(_xlpm.d,'페이백 미포함'!$A$2:$K$2061,_xlpm.p,_xlfn.XLOOKUP($B22,참조!$K$2:$K$30,IF(참조!$L$2:$L$30<>"",참조!$L$2:$L$30,참조!$M$2:$M$30),""),_xlpm.n,IF(OR($C22="SK",$C22="SKT"),"SKT",$C22),_xlpm.k,SUBSTITUTE(P$3,"GB","G"),_xlpm.s,_xlfn.XLOOKUP(_xlpm.k,참조!$F$2:$F$15,참조!$B$2:$B$15,""),_xlpm.v,_xlfn.XLOOKUP(_xlpm.k,참조!$F$2:$F$15,참조!$D$2:$D$15,""),_xlpm.t,_xlfn.XLOOKUP(_xlpm.k,참조!$F$2:$F$15,참조!$E$2:$E$15,""),_xlpm.x,_xlfn._xlws.FILTER(_xlpm.d,(INDEX(_xlpm.d,,1)=_xlpm.p)*(INDEX(_xlpm.d,,3)=_xlpm.v)*(INDEX(_xlpm.d,,4)=_xlpm.t)*(INDEX(_xlpm.d,,5)=_xlpm.s)*(INDEX(_xlpm.d,,6)=_xlpm.n)*(INDEX(_xlpm.d,,11)="RS")),_xlpm.y,_xlfn.SORTBY(_xlpm.x,INDEX(_xlpm.x,,8),1,IF(INDEX(_xlpm.x,,9)="",1E+99,INDEX(_xlpm.x,,9)),-1,IF(INDEX(_xlpm.x,,10)="",0,INDEX(_xlpm.x,,10)),1),IFERROR(_xlfn.CHOOSECOLS(_xlfn.TAKE(_xlpm.y,1),8,9,10),""))} | Q22: 7 | R22: 47300 | S22: {=_xlfn.LET(_xlpm.d,'페이백 미포함'!$A$2:$K$2061,_xlpm.p,_xlfn.XLOOKUP($B22,참조!$K$2:$K$30,IF(참조!$L$2:$L$30<>"",참조!$L$2:$L$30,참조!$M$2:$M$30),""),_xlpm.n,IF(OR($C22="SK",$C22="SKT"),"SKT",$C22),_xlpm.k,SUBSTITUTE(S$3,"GB","G"),_xlpm.s,_xlfn.XLOOKUP(_xlpm.k,참조!$F$2:$F$15,참조!$B$2:$B$15,""),_xlpm.v,_xlfn.XLOOKUP(_xlpm.k,참조!$F$2:$F$15,참조!$D$2:$D$15,""),_xlpm.t,_xlfn.XLOOKUP(_xlpm.k,참조!$F$2:$F$15,참조!$E$2:$E$15,""),_xlpm.x,_xlfn._xlws.FILTER(_xlpm.d,(INDEX(_xlpm.d,,1)=_xlpm.p)*(INDEX(_xlpm.d,,3)=_xlpm.v)*(INDEX(_xlpm.d,,4)=_xlpm.t)*(INDEX(_xlpm.d,,5)=_xlpm.s)*(INDEX(_xlpm.d,,6)=_xlpm.n)*(INDEX(_xlpm.d,,11)="RS")),_xlpm.y,_xlfn.SORTBY(_xlpm.x,INDEX(_xlpm.x,,8),1,IF(INDEX(_xlpm.x,,9)="",1E+99,INDEX(_xlpm.x,,9)),-1,IF(INDEX(_xlpm.x,,10)="",0,INDEX(_xlpm.x,,10)),1),IFERROR(_xlfn.CHOOSECOLS(_xlfn.TAKE(_xlpm.y,1),8,9,10),""))} | T22: 7 | U22: 49500 | V22: {=_xlfn.LET(_xlpm.d,'페이백 미포함'!$A$2:$K$2061,_xlpm.p,_xlfn.XLOOKUP($B22,참조!$K$2:$K$30,IF(참조!$L$2:$L$30<>"",참조!$L$2:$L$30,참조!$M$2:$M$30),""),_xlpm.n,IF(OR($C22="SK",$C22="SKT"),"SKT",$C22),_xlpm.k,SUBSTITUTE(V$3,"GB","G"),_xlpm.s,_xlfn.XLOOKUP(_xlpm.k,참조!$F$2:$F$15,참조!$B$2:$B$15,""),_xlpm.v,_xlfn.XLOOKUP(_xlpm.k,참조!$F$2:$F$15,참조!$D$2:$D$15,""),_xlpm.t,_xlfn.XLOOKUP(_xlpm.k,참조!$F$2:$F$15,참조!$E$2:$E$15,""),_xlpm.x,_xlfn._xlws.FILTER(_xlpm.d,(INDEX(_xlpm.d,,1)=_xlpm.p)*(INDEX(_xlpm.d,,3)=_xlpm.v)*(INDEX(_xlpm.d,,4)=_xlpm.t)*(INDEX(_xlpm.d,,5)=_xlpm.s)*(INDEX(_xlpm.d,,6)=_xlpm.n)*(INDEX(_xlpm.d,,11)="RS")),_xlpm.y,_xlfn.SORTBY(_xlpm.x,INDEX(_xlpm.x,,8),1,IF(INDEX(_xlpm.x,,9)="",1E+99,INDEX(_xlpm.x,,9)),-1,IF(INDEX(_xlpm.x,,10)="",0,INDEX(_xlpm.x,,10)),1),IFERROR(_xlfn.CHOOSECOLS(_xlfn.TAKE(_xlpm.y,1),8,9,10),""))} | W22: 7 | X22: 52800 | Y22: {=_xlfn.LET(_xlpm.d,'페이백 미포함'!$A$2:$K$2061,_xlpm.p,_xlfn.XLOOKUP($B22,참조!$K$2:$K$30,IF(참조!$L$2:$L$30<>"",참조!$L$2:$L$30,참조!$M$2:$M$30),""),_xlpm.n,IF(OR($C22="SK",$C22="SKT"),"SKT",$C22),_xlpm.k,SUBSTITUTE(Y$3,"GB","G"),_xlpm.s,_xlfn.XLOOKUP(_xlpm.k,참조!$F$2:$F$15,참조!$B$2:$B$15,""),_xlpm.v,_xlfn.XLOOKUP(_xlpm.k,참조!$F$2:$F$15,참조!$D$2:$D$15,""),_xlpm.t,_xlfn.XLOOKUP(_xlpm.k,참조!$F$2:$F$15,참조!$E$2:$E$15,""),_xlpm.x,_xlfn._xlws.FILTER(_xlpm.d,(INDEX(_xlpm.d,,1)=_xlpm.p)*(INDEX(_xlpm.d,,3)=_xlpm.v)*(INDEX(_xlpm.d,,4)=_xlpm.t)*(INDEX(_xlpm.d,,5)=_xlpm.s)*(INDEX(_xlpm.d,,6)=_xlpm.n)*(INDEX(_xlpm.d,,11)="RS")),_xlpm.y,_xlfn.SORTBY(_xlpm.x,INDEX(_xlpm.x,,8),1,IF(INDEX(_xlpm.x,,9)="",1E+99,INDEX(_xlpm.x,,9)),-1,IF(INDEX(_xlpm.x,,10)="",0,INDEX(_xlpm.x,,10)),1),IFERROR(_xlfn.CHOOSECOLS(_xlfn.TAKE(_xlpm.y,1),8,9,10),""))} | Z22: 24 | AA22: 55000
B23: 이지모바일 | C23: KT | D23: {=_xlfn.LET(_xlpm.d,'페이백 미포함'!$A$2:$K$2061,_xlpm.p,_xlfn.XLOOKUP($B23,참조!$K$2:$K$30,IF(참조!$L$2:$L$30<>"",참조!$L$2:$L$30,참조!$M$2:$M$30),""),_xlpm.n,IF(OR($C23="SK",$C23="SKT"),"SKT",$C23),_xlpm.k,SUBSTITUTE(D$3,"GB","G"),_xlpm.s,_xlfn.XLOOKUP(_xlpm.k,참조!$F$2:$F$15,참조!$B$2:$B$15,""),_xlpm.v,_xlfn.XLOOKUP(_xlpm.k,참조!$F$2:$F$15,참조!$D$2:$D$15,""),_xlpm.t,_xlfn.XLOOKUP(_xlpm.k,참조!$F$2:$F$15,참조!$E$2:$E$15,""),_xlpm.x,_xlfn._xlws.FILTER(_xlpm.d,(INDEX(_xlpm.d,,1)=_xlpm.p)*(INDEX(_xlpm.d,,3)=_xlpm.v)*(INDEX(_xlpm.d,,4)=_xlpm.t)*(INDEX(_xlpm.d,,5)=_xlpm.s)*(INDEX(_xlpm.d,,6)=_xlpm.n)*(INDEX(_xlpm.d,,11)="RS")),_xlpm.y,_xlfn.SORTBY(_xlpm.x,INDEX(_xlpm.x,,8),1,IF(INDEX(_xlpm.x,,9)="",1E+99,INDEX(_xlpm.x,,9)),-1,IF(INDEX(_xlpm.x,,10)="",0,INDEX(_xlpm.x,,10)),1),IFERROR(_xlfn.CHOOSECOLS(_xlfn.TAKE(_xlpm.y,1),8,9,10),""))} | E23: 10 | F23: 22000 | G23: {=_xlfn.LET(_xlpm.d,'페이백 미포함'!$A$2:$K$2061,_xlpm.p,_xlfn.XLOOKUP($B23,참조!$K$2:$K$30,IF(참조!$L$2:$L$30<>"",참조!$L$2:$L$30,참조!$M$2:$M$30),""),_xlpm.n,IF(OR($C23="SK",$C23="SKT"),"SKT",$C23),_xlpm.k,SUBSTITUTE(G$3,"GB","G"),_xlpm.s,_xlfn.XLOOKUP(_xlpm.k,참조!$F$2:$F$15,참조!$B$2:$B$15,""),_xlpm.v,_xlfn.XLOOKUP(_xlpm.k,참조!$F$2:$F$15,참조!$D$2:$D$15,""),_xlpm.t,_xlfn.XLOOKUP(_xlpm.k,참조!$F$2:$F$15,참조!$E$2:$E$15,""),_xlpm.x,_xlfn._xlws.FILTER(_xlpm.d,(INDEX(_xlpm.d,,1)=_xlpm.p)*(INDEX(_xlpm.d,,3)=_xlpm.v)*(INDEX(_xlpm.d,,4)=_xlpm.t)*(INDEX(_xlpm.d,,5)=_xlpm.s)*(INDEX(_xlpm.d,,6)=_xlpm.n)*(INDEX(_xlpm.d,,11)="RS")),_xlpm.y,_xlfn.SORTBY(_xlpm.x,INDEX(_xlpm.x,,8),1,IF(INDEX(_xlpm.x,,9)="",1E+99,INDEX(_xlpm.x,,9)),-1,IF(INDEX(_xlpm.x,,10)="",0,INDEX(_xlpm.x,,10)),1),IFERROR(_xlfn.CHOOSECOLS(_xlfn.TAKE(_xlpm.y,1),8,9,10),""))} | H23: 7 | I23: 29700 | J23: {=_xlfn.LET(_xlpm.d,'페이백 미포함'!$A$2:$K$2061,_xlpm.p,_xlfn.XLOOKUP($B23,참조!$K$2:$K$30,IF(참조!$L$2:$L$30<>"",참조!$L$2:$L$30,참조!$M$2:$M$30),""),_xlpm.n,IF(OR($C23="SK",$C23="SKT"),"SKT",$C23),_xlpm.k,SUBSTITUTE(J$3,"GB","G"),_xlpm.s,_xlfn.XLOOKUP(_xlpm.k,참조!$F$2:$F$15,참조!$B$2:$B$15,""),_xlpm.v,_xlfn.XLOOKUP(_xlpm.k,참조!$F$2:$F$15,참조!$D$2:$D$15,""),_xlpm.t,_xlfn.XLOOKUP(_xlpm.k,참조!$F$2:$F$15,참조!$E$2:$E$15,""),_xlpm.x,_xlfn._xlws.FILTER(_xlpm.d,(INDEX(_xlpm.d,,1)=_xlpm.p)*(INDEX(_xlpm.d,,3)=_xlpm.v)*(INDEX(_xlpm.d,,4)=_xlpm.t)*(INDEX(_xlpm.d,,5)=_xlpm.s)*(INDEX(_xlpm.d,,6)=_xlpm.n)*(INDEX(_xlpm.d,,11)="RS")),_xlpm.y,_xlfn.SORTBY(_xlpm.x,INDEX(_xlpm.x,,8),1,IF(INDEX(_xlpm.x,,9)="",1E+99,INDEX(_xlpm.x,,9)),-1,IF(INDEX(_xlpm.x,,10)="",0,INDEX(_xlpm.x,,10)),1),IFERROR(_xlfn.CHOOSECOLS(_xlfn.TAKE(_xlpm.y,1),8,9,10),""))} | K23: 7 | L23: 33000 | M23: {=_xlfn.LET(_xlpm.d,'페이백 미포함'!$A$2:$K$2061,_xlpm.p,_xlfn.XLOOKUP($B23,참조!$K$2:$K$30,IF(참조!$L$2:$L$30<>"",참조!$L$2:$L$30,참조!$M$2:$M$30),""),_xlpm.n,IF(OR($C23="SK",$C23="SKT"),"SKT",$C23),_xlpm.k,SUBSTITUTE(M$3,"GB","G"),_xlpm.s,_xlfn.XLOOKUP(_xlpm.k,참조!$F$2:$F$15,참조!$B$2:$B$15,""),_xlpm.v,_xlfn.XLOOKUP(_xlpm.k,참조!$F$2:$F$15,참조!$D$2:$D$15,""),_xlpm.t,_xlfn.XLOOKUP(_xlpm.k,참조!$F$2:$F$15,참조!$E$2:$E$15,""),_xlpm.x,_xlfn._xlws.FILTER(_xlpm.d,(INDEX(_xlpm.d,,1)=_xlpm.p)*(INDEX(_xlpm.d,,3)=_xlpm.v)*(INDEX(_xlpm.d,,4)=_xlpm.t)*(INDEX(_xlpm.d,,5)=_xlpm.s)*(INDEX(_xlpm.d,,6)=_xlpm.n)*(INDEX(_xlpm.d,,11)="RS")),_xlpm.y,_xlfn.SORTBY(_xlpm.x,INDEX(_xlpm.x,,8),1,IF(INDEX(_xlpm.x,,9)="",1E+99,INDEX(_xlpm.x,,9)),-1,IF(INDEX(_xlpm.x,,10)="",0,INDEX(_xlpm.x,,10)),1),IFERROR(_xlfn.CHOOSECOLS(_xlfn.TAKE(_xlpm.y,1),8,9,10),""))} | N23: 7 | O23: 37400 | P23: {=_xlfn.LET(_xlpm.d,'페이백 미포함'!$A$2:$K$2061,_xlpm.p,_xlfn.XLOOKUP($B23,참조!$K$2:$K$30,IF(참조!$L$2:$L$30<>"",참조!$L$2:$L$30,참조!$M$2:$M$30),""),_xlpm.n,IF(OR($C23="SK",$C23="SKT"),"SKT",$C23),_xlpm.k,SUBSTITUTE(P$3,"GB","G"),_xlpm.s,_xlfn.XLOOKUP(_xlpm.k,참조!$F$2:$F$15,참조!$B$2:$B$15,""),_xlpm.v,_xlfn.XLOOKUP(_xlpm.k,참조!$F$2:$F$15,참조!$D$2:$D$15,""),_xlpm.t,_xlfn.XLOOKUP(_xlpm.k,참조!$F$2:$F$15,참조!$E$2:$E$15,""),_xlpm.x,_xlfn._xlws.FILTER(_xlpm.d,(INDEX(_xlpm.d,,1)=_xlpm.p)*(INDEX(_xlpm.d,,3)=_xlpm.v)*(INDEX(_xlpm.d,,4)=_xlpm.t)*(INDEX(_xlpm.d,,5)=_xlpm.s)*(INDEX(_xlpm.d,,6)=_xlpm.n)*(INDEX(_xlpm.d,,11)="RS")),_xlpm.y,_xlfn.SORTBY(_xlpm.x,INDEX(_xlpm.x,,8),1,IF(INDEX(_xlpm.x,,9)="",1E+99,INDEX(_xlpm.x,,9)),-1,IF(INDEX(_xlpm.x,,10)="",0,INDEX(_xlpm.x,,10)),1),IFERROR(_xlfn.CHOOSECOLS(_xlfn.TAKE(_xlpm.y,1),8,9,10),""))} | Q23: 7 | R23: 44000 | S23: {=_xlfn.LET(_xlpm.d,'페이백 미포함'!$A$2:$K$2061,_xlpm.p,_xlfn.XLOOKUP($B23,참조!$K$2:$K$30,IF(참조!$L$2:$L$30<>"",참조!$L$2:$L$30,참조!$M$2:$M$30),""),_xlpm.n,IF(OR($C23="SK",$C23="SKT"),"SKT",$C23),_xlpm.k,SUBSTITUTE(S$3,"GB","G"),_xlpm.s,_xlfn.XLOOKUP(_xlpm.k,참조!$F$2:$F$15,참조!$B$2:$B$15,""),_xlpm.v,_xlfn.XLOOKUP(_xlpm.k,참조!$F$2:$F$15,참조!$D$2:$D$15,""),_xlpm.t,_xlfn.XLOOKUP(_xlpm.k,참조!$F$2:$F$15,참조!$E$2:$E$15,""),_xlpm.x,_xlfn._xlws.FILTER(_xlpm.d,(INDEX(_xlpm.d,,1)=_xlpm.p)*(INDEX(_xlpm.d,,3)=_xlpm.v)*(INDEX(_xlpm.d,,4)=_xlpm.t)*(INDEX(_xlpm.d,,5)=_xlpm.s)*(INDEX(_xlpm.d,,6)=_xlpm.n)*(INDEX(_xlpm.d,,11)="RS")),_xlpm.y,_xlfn.SORTBY(_xlpm.x,INDEX(_xlpm.x,,8),1,IF(INDEX(_xlpm.x,,9)="",1E+99,INDEX(_xlpm.x,,9)),-1,IF(INDEX(_xlpm.x,,10)="",0,INDEX(_xlpm.x,,10)),1),IFERROR(_xlfn.CHOOSECOLS(_xlfn.TAKE(_xlpm.y,1),8,9,10),""))} | V23: {=_xlfn.LET(_xlpm.d,'페이백 미포함'!$A$2:$K$2061,_xlpm.p,_xlfn.XLOOKUP($B23,참조!$K$2:$K$30,IF(참조!$L$2:$L$30<>"",참조!$L$2:$L$30,참조!$M$2:$M$30),""),_xlpm.n,IF(OR($C23="SK",$C23="SKT"),"SKT",$C23),_xlpm.k,SUBSTITUTE(V$3,"GB","G"),_xlpm.s,_xlfn.XLOOKUP(_xlpm.k,참조!$F$2:$F$15,참조!$B$2:$B$15,""),_xlpm.v,_xlfn.XLOOKUP(_xlpm.k,참조!$F$2:$F$15,참조!$D$2:$D$15,""),_xlpm.t,_xlfn.XLOOKUP(_xlpm.k,참조!$F$2:$F$15,참조!$E$2:$E$15,""),_xlpm.x,_xlfn._xlws.FILTER(_xlpm.d,(INDEX(_xlpm.d,,1)=_xlpm.p)*(INDEX(_xlpm.d,,3)=_xlpm.v)*(INDEX(_xlpm.d,,4)=_xlpm.t)*(INDEX(_xlpm.d,,5)=_xlpm.s)*(INDEX(_xlpm.d,,6)=_xlpm.n)*(INDEX(_xlpm.d,,11)="RS")),_xlpm.y,_xlfn.SORTBY(_xlpm.x,INDEX(_xlpm.x,,8),1,IF(INDEX(_xlpm.x,,9)="",1E+99,INDEX(_xlpm.x,,9)),-1,IF(INDEX(_xlpm.x,,10)="",0,INDEX(_xlpm.x,,10)),1),IFERROR(_xlfn.CHOOSECOLS(_xlfn.TAKE(_xlpm.y,1),8,9,10),""))} | Y23: {=_xlfn.LET(_xlpm.d,'페이백 미포함'!$A$2:$K$2061,_xlpm.p,_xlfn.XLOOKUP($B23,참조!$K$2:$K$30,IF(참조!$L$2:$L$30<>"",참조!$L$2:$L$30,참조!$M$2:$M$30),""),_xlpm.n,IF(OR($C23="SK",$C23="SKT"),"SKT",$C23),_xlpm.k,SUBSTITUTE(Y$3,"GB","G"),_xlpm.s,_xlfn.XLOOKUP(_xlpm.k,참조!$F$2:$F$15,참조!$B$2:$B$15,""),_xlpm.v,_xlfn.XLOOKUP(_xlpm.k,참조!$F$2:$F$15,참조!$D$2:$D$15,""),_xlpm.t,_xlfn.XLOOKUP(_xlpm.k,참조!$F$2:$F$15,참조!$E$2:$E$15,""),_xlpm.x,_xlfn._xlws.FILTER(_xlpm.d,(INDEX(_xlpm.d,,1)=_xlpm.p)*(INDEX(_xlpm.d,,3)=_xlpm.v)*(INDEX(_xlpm.d,,4)=_xlpm.t)*(INDEX(_xlpm.d,,5)=_xlpm.s)*(INDEX(_xlpm.d,,6)=_xlpm.n)*(INDEX(_xlpm.d,,11)="RS")),_xlpm.y,_xlfn.SORTBY(_xlpm.x,INDEX(_xlpm.x,,8),1,IF(INDEX(_xlpm.x,,9)="",1E+99,INDEX(_xlpm.x,,9)),-1,IF(INDEX(_xlpm.x,,10)="",0,INDEX(_xlpm.x,,10)),1),IFERROR(_xlfn.CHOOSECOLS(_xlfn.TAKE(_xlpm.y,1),8,9,10),""))}
B24: =B23 | C24: LG U+ | D24: {=_xlfn.LET(_xlpm.d,'페이백 미포함'!$A$2:$K$2061,_xlpm.p,_xlfn.XLOOKUP($B24,참조!$K$2:$K$30,IF(참조!$L$2:$L$30<>"",참조!$L$2:$L$30,참조!$M$2:$M$30),""),_xlpm.n,IF(OR($C24="SK",$C24="SKT"),"SKT",$C24),_xlpm.k,SUBSTITUTE(D$3,"GB","G"),_xlpm.s,_xlfn.XLOOKUP(_xlpm.k,참조!$F$2:$F$15,참조!$B$2:$B$15,""),_xlpm.v,_xlfn.XLOOKUP(_xlpm.k,참조!$F$2:$F$15,참조!$D$2:$D$15,""),_xlpm.t,_xlfn.XLOOKUP(_xlpm.k,참조!$F$2:$F$15,참조!$E$2:$E$15,""),_xlpm.x,_xlfn._xlws.FILTER(_xlpm.d,(INDEX(_xlpm.d,,1)=_xlpm.p)*(INDEX(_xlpm.d,,3)=_xlpm.v)*(INDEX(_xlpm.d,,4)=_xlpm.t)*(INDEX(_xlpm.d,,5)=_xlpm.s)*(INDEX(_xlpm.d,,6)=_xlpm.n)*(INDEX(_xlpm.d,,11)="RS")),_xlpm.y,_xlfn.SORTBY(_xlpm.x,INDEX(_xlpm.x,,8),1,IF(INDEX(_xlpm.x,,9)="",1E+99,INDEX(_xlpm.x,,9)),-1,IF(INDEX(_xlpm.x,,10)="",0,INDEX(_xlpm.x,,10)),1),IFERROR(_xlfn.CHOOSECOLS(_xlfn.TAKE(_xlpm.y,1),8,9,10),""))} | E24: 7 | F24: 20900 | G24: {=_xlfn.LET(_xlpm.d,'페이백 미포함'!$A$2:$K$2061,_xlpm.p,_xlfn.XLOOKUP($B24,참조!$K$2:$K$30,IF(참조!$L$2:$L$30<>"",참조!$L$2:$L$30,참조!$M$2:$M$30),""),_xlpm.n,IF(OR($C24="SK",$C24="SKT"),"SKT",$C24),_xlpm.k,SUBSTITUTE(G$3,"GB","G"),_xlpm.s,_xlfn.XLOOKUP(_xlpm.k,참조!$F$2:$F$15,참조!$B$2:$B$15,""),_xlpm.v,_xlfn.XLOOKUP(_xlpm.k,참조!$F$2:$F$15,참조!$D$2:$D$15,""),_xlpm.t,_xlfn.XLOOKUP(_xlpm.k,참조!$F$2:$F$15,참조!$E$2:$E$15,""),_xlpm.x,_xlfn._xlws.FILTER(_xlpm.d,(INDEX(_xlpm.d,,1)=_xlpm.p)*(INDEX(_xlpm.d,,3)=_xlpm.v)*(INDEX(_xlpm.d,,4)=_xlpm.t)*(INDEX(_xlpm.d,,5)=_xlpm.s)*(INDEX(_xlpm.d,,6)=_xlpm.n)*(INDEX(_xlpm.d,,11)="RS")),_xlpm.y,_xlfn.SORTBY(_xlpm.x,INDEX(_xlpm.x,,8),1,IF(INDEX(_xlpm.x,,9)="",1E+99,INDEX(_xlpm.x,,9)),-1,IF(INDEX(_xlpm.x,,10)="",0,INDEX(_xlpm.x,,10)),1),IFERROR(_xlfn.CHOOSECOLS(_xlfn.TAKE(_xlpm.y,1),8,9,10),""))} | J24: {=_xlfn.LET(_xlpm.d,'페이백 미포함'!$A$2:$K$2061,_xlpm.p,_xlfn.XLOOKUP($B24,참조!$K$2:$K$30,IF(참조!$L$2:$L$30<>"",참조!$L$2:$L$30,참조!$M$2:$M$30),""),_xlpm.n,IF(OR($C24="SK",$C24="SKT"),"SKT",$C24),_xlpm.k,SUBSTITUTE(J$3,"GB","G"),_xlpm.s,_xlfn.XLOOKUP(_xlpm.k,참조!$F$2:$F$15,참조!$B$2:$B$15,""),_xlpm.v,_xlfn.XLOOKUP(_xlpm.k,참조!$F$2:$F$15,참조!$D$2:$D$15,""),_xlpm.t,_xlfn.XLOOKUP(_xlpm.k,참조!$F$2:$F$15,참조!$E$2:$E$15,""),_xlpm.x,_xlfn._xlws.FILTER(_xlpm.d,(INDEX(_xlpm.d,,1)=_xlpm.p)*(INDEX(_xlpm.d,,3)=_xlpm.v)*(INDEX(_xlpm.d,,4)=_xlpm.t)*(INDEX(_xlpm.d,,5)=_xlpm.s)*(INDEX(_xlpm.d,,6)=_xlpm.n)*(INDEX(_xlpm.d,,11)="RS")),_xlpm.y,_xlfn.SORTBY(_xlpm.x,INDEX(_xlpm.x,,8),1,IF(INDEX(_xlpm.x,,9)="",1E+99,INDEX(_xlpm.x,,9)),-1,IF(INDEX(_xlpm.x,,10)="",0,INDEX(_xlpm.x,,10)),1),IFERROR(_xlfn.CHOOSECOLS(_xlfn.TAKE(_xlpm.y,1),8,9,10),""))} | K24: 7 | L24: 31900 | M24: {=_xlfn.LET(_xlpm.d,'페이백 미포함'!$A$2:$K$2061,_xlpm.p,_xlfn.XLOOKUP($B24,참조!$K$2:$K$30,IF(참조!$L$2:$L$30<>"",참조!$L$2:$L$30,참조!$M$2:$M$30),""),_xlpm.n,IF(OR($C24="SK",$C24="SKT"),"SKT",$C24),_xlpm.k,SUBSTITUTE(M$3,"GB","G"),_xlpm.s,_xlfn.XLOOKUP(_xlpm.k,참조!$F$2:$F$15,참조!$B$2:$B$15,""),_xlpm.v,_xlfn.XLOOKUP(_xlpm.k,참조!$F$2:$F$15,참조!$D$2:$D$15,""),_xlpm.t,_xlfn.XLOOKUP(_xlpm.k,참조!$F$2:$F$15,참조!$E$2:$E$15,""),_xlpm.x,_xlfn._xlws.FILTER(_xlpm.d,(INDEX(_xlpm.d,,1)=_xlpm.p)*(INDEX(_xlpm.d,,3)=_xlpm.v)*(INDEX(_xlpm.d,,4)=_xlpm.t)*(INDEX(_xlpm.d,,5)=_xlpm.s)*(INDEX(_xlpm.d,,6)=_xlpm.n)*(INDEX(_xlpm.d,,11)="RS")),_xlpm.y,_xlfn.SORTBY(_xlpm.x,INDEX(_xlpm.x,,8),1,IF(INDEX(_xlpm.x,,9)="",1E+99,INDEX(_xlpm.x,,9)),-1,IF(INDEX(_xlpm.x,,10)="",0,INDEX(_xlpm.x,,10)),1),IFERROR(_xlfn.CHOOSECOLS(_xlfn.TAKE(_xlpm.y,1),8,9,10),""))} | N24: 7 | O24: 39600 | P24: {=_xlfn.LET(_xlpm.d,'페이백 미포함'!$A$2:$K$2061,_xlpm.p,_xlfn.XLOOKUP($B24,참조!$K$2:$K$30,IF(참조!$L$2:$L$30<>"",참조!$L$2:$L$30,참조!$M$2:$M$30),""),_xlpm.n,IF(OR($C24="SK",$C24="SKT"),"SKT",$C24),_xlpm.k,SUBSTITUTE(P$3,"GB","G"),_xlpm.s,_xlfn.XLOOKUP(_xlpm.k,참조!$F$2:$F$15,참조!$B$2:$B$15,""),_xlpm.v,_xlfn.XLOOKUP(_xlpm.k,참조!$F$2:$F$15,참조!$D$2:$D$15,""),_xlpm.t,_xlfn.XLOOKUP(_xlpm.k,참조!$F$2:$F$15,참조!$E$2:$E$15,""),_xlpm.x,_xlfn._xlws.FILTER(_xlpm.d,(INDEX(_xlpm.d,,1)=_xlpm.p)*(INDEX(_xlpm.d,,3)=_xlpm.v)*(INDEX(_xlpm.d,,4)=_xlpm.t)*(INDEX(_xlpm.d,,5)=_xlpm.s)*(INDEX(_xlpm.d,,6)=_xlpm.n)*(INDEX(_xlpm.d,,11)="RS")),_xlpm.y,_xlfn.SORTBY(_xlpm.x,INDEX(_xlpm.x,,8),1,IF(INDEX(_xlpm.x,,9)="",1E+99,INDEX(_xlpm.x,,9)),-1,IF(INDEX(_xlpm.x,,10)="",0,INDEX(_xlpm.x,,10)),1),IFERROR(_xlfn.CHOOSECOLS(_xlfn.TAKE(_xlpm.y,1),8,9,10),""))} | Q24: 7 | R24: 46200 | S24: {=_xlfn.LET(_xlpm.d,'페이백 미포함'!$A$2:$K$2061,_xlpm.p,_xlfn.XLOOKUP($B24,참조!$K$2:$K$30,IF(참조!$L$2:$L$30<>"",참조!$L$2:$L$30,참조!$M$2:$M$30),""),_xlpm.n,IF(OR($C24="SK",$C24="SKT"),"SKT",$C24),_xlpm.k,SUBSTITUTE(S$3,"GB","G"),_xlpm.s,_xlfn.XLOOKUP(_xlpm.k,참조!$F$2:$F$15,참조!$B$2:$B$15,""),_xlpm.v,_xlfn.XLOOKUP(_xlpm.k,참조!$F$2:$F$15,참조!$D$2:$D$15,""),_xlpm.t,_xlfn.XLOOKUP(_xlpm.k,참조!$F$2:$F$15,참조!$E$2:$E$15,""),_xlpm.x,_xlfn._xlws.FILTER(_xlpm.d,(INDEX(_xlpm.d,,1)=_xlpm.p)*(INDEX(_xlpm.d,,3)=_xlpm.v)*(INDEX(_xlpm.d,,4)=_xlpm.t)*(INDEX(_xlpm.d,,5)=_xlpm.s)*(INDEX(_xlpm.d,,6)=_xlpm.n)*(INDEX(_xlpm.d,,11)="RS")),_xlpm.y,_xlfn.SORTBY(_xlpm.x,INDEX(_xlpm.x,,8),1,IF(INDEX(_xlpm.x,,9)="",1E+99,INDEX(_xlpm.x,,9)),-1,IF(INDEX(_xlpm.x,,10)="",0,INDEX(_xlpm.x,,10)),1),IFERROR(_xlfn.CHOOSECOLS(_xlfn.TAKE(_xlpm.y,1),8,9,10),""))} | T24: 7 | U24: 51000 | V24: {=_xlfn.LET(_xlpm.d,'페이백 미포함'!$A$2:$K$2061,_xlpm.p,_xlfn.XLOOKUP($B24,참조!$K$2:$K$30,IF(참조!$L$2:$L$30<>"",참조!$L$2:$L$30,참조!$M$2:$M$30),""),_xlpm.n,IF(OR($C24="SK",$C24="SKT"),"SKT",$C24),_xlpm.k,SUBSTITUTE(V$3,"GB","G"),_xlpm.s,_xlfn.XLOOKUP(_xlpm.k,참조!$F$2:$F$15,참조!$B$2:$B$15,""),_xlpm.v,_xlfn.XLOOKUP(_xlpm.k,참조!$F$2:$F$15,참조!$D$2:$D$15,""),_xlpm.t,_xlfn.XLOOKUP(_xlpm.k,참조!$F$2:$F$15,참조!$E$2:$E$15,""),_xlpm.x,_xlfn._xlws.FILTER(_xlpm.d,(INDEX(_xlpm.d,,1)=_xlpm.p)*(INDEX(_xlpm.d,,3)=_xlpm.v)*(INDEX(_xlpm.d,,4)=_xlpm.t)*(INDEX(_xlpm.d,,5)=_xlpm.s)*(INDEX(_xlpm.d,,6)=_xlpm.n)*(INDEX(_xlpm.d,,11)="RS")),_xlpm.y,_xlfn.SORTBY(_xlpm.x,INDEX(_xlpm.x,,8),1,IF(INDEX(_xlpm.x,,9)="",1E+99,INDEX(_xlpm.x,,9)),-1,IF(INDEX(_xlpm.x,,10)="",0,INDEX(_xlpm.x,,10)),1),IFERROR(_xlfn.CHOOSECOLS(_xlfn.TAKE(_xlpm.y,1),8,9,10),""))} | W24: 7 | X24: 52500 | Y24: {=_xlfn.LET(_xlpm.d,'페이백 미포함'!$A$2:$K$2061,_xlpm.p,_xlfn.XLOOKUP($B24,참조!$K$2:$K$30,IF(참조!$L$2:$L$30<>"",참조!$L$2:$L$30,참조!$M$2:$M$30),""),_xlpm.n,IF(OR($C24="SK",$C24="SKT"),"SKT",$C24),_xlpm.k,SUBSTITUTE(Y$3,"GB","G"),_xlpm.s,_xlfn.XLOOKUP(_xlpm.k,참조!$F$2:$F$15,참조!$B$2:$B$15,""),_xlpm.v,_xlfn.XLOOKUP(_xlpm.k,참조!$F$2:$F$15,참조!$D$2:$D$15,""),_xlpm.t,_xlfn.XLOOKUP(_xlpm.k,참조!$F$2:$F$15,참조!$E$2:$E$15,""),_xlpm.x,_xlfn._xlws.FILTER(_xlpm.d,(INDEX(_xlpm.d,,1)=_xlpm.p)*(INDEX(_xlpm.d,,3)=_xlpm.v)*(INDEX(_xlpm.d,,4)=_xlpm.t)*(INDEX(_xlpm.d,,5)=_xlpm.s)*(INDEX(_xlpm.d,,6)=_xlpm.n)*(INDEX(_xlpm.d,,11)="RS")),_xlpm.y,_xlfn.SORTBY(_xlpm.x,INDEX(_xlpm.x,,8),1,IF(INDEX(_xlpm.x,,9)="",1E+99,INDEX(_xlpm.x,,9)),-1,IF(INDEX(_xlpm.x,,10)="",0,INDEX(_xlpm.x,,10)),1),IFERROR(_xlfn.CHOOSECOLS(_xlfn.TAKE(_xlpm.y,1),8,9,10),""))}
B25: KCT | C25: SK | D25: {=_xlfn.LET(_xlpm.d,'페이백 미포함'!$A$2:$K$2061,_xlpm.p,_xlfn.XLOOKUP($B25,참조!$K$2:$K$30,IF(참조!$L$2:$L$30<>"",참조!$L$2:$L$30,참조!$M$2:$M$30),""),_xlpm.n,IF(OR($C25="SK",$C25="SKT"),"SKT",$C25),_xlpm.k,SUBSTITUTE(D$3,"GB","G"),_xlpm.s,_xlfn.XLOOKUP(_xlpm.k,참조!$F$2:$F$15,참조!$B$2:$B$15,""),_xlpm.v,_xlfn.XLOOKUP(_xlpm.k,참조!$F$2:$F$15,참조!$D$2:$D$15,""),_xlpm.t,_xlfn.XLOOKUP(_xlpm.k,참조!$F$2:$F$15,참조!$E$2:$E$15,""),_xlpm.x,_xlfn._xlws.FILTER(_xlpm.d,(INDEX(_xlpm.d,,1)=_xlpm.p)*(INDEX(_xlpm.d,,3)=_xlpm.v)*(INDEX(_xlpm.d,,4)=_xlpm.t)*(INDEX(_xlpm.d,,5)=_xlpm.s)*(INDEX(_xlpm.d,,6)=_xlpm.n)*(INDEX(_xlpm.d,,11)="RS")),_xlpm.y,_xlfn.SORTBY(_xlpm.x,INDEX(_xlpm.x,,8),1,IF(INDEX(_xlpm.x,,9)="",1E+99,INDEX(_xlpm.x,,9)),-1,IF(INDEX(_xlpm.x,,10)="",0,INDEX(_xlpm.x,,10)),1),IFERROR(_xlfn.CHOOSECOLS(_xlfn.TAKE(_xlpm.y,1),8,9,10),""))} | E25: 9 | F25: 25300 | G25: {=_xlfn.LET(_xlpm.d,'페이백 미포함'!$A$2:$K$2061,_xlpm.p,_xlfn.XLOOKUP($B25,참조!$K$2:$K$30,IF(참조!$L$2:$L$30<>"",참조!$L$2:$L$30,참조!$M$2:$M$30),""),_xlpm.n,IF(OR($C25="SK",$C25="SKT"),"SKT",$C25),_xlpm.k,SUBSTITUTE(G$3,"GB","G"),_xlpm.s,_xlfn.XLOOKUP(_xlpm.k,참조!$F$2:$F$15,참조!$B$2:$B$15,""),_xlpm.v,_xlfn.XLOOKUP(_xlpm.k,참조!$F$2:$F$15,참조!$D$2:$D$15,""),_xlpm.t,_xlfn.XLOOKUP(_xlpm.k,참조!$F$2:$F$15,참조!$E$2:$E$15,""),_xlpm.x,_xlfn._xlws.FILTER(_xlpm.d,(INDEX(_xlpm.d,,1)=_xlpm.p)*(INDEX(_xlpm.d,,3)=_xlpm.v)*(INDEX(_xlpm.d,,4)=_xlpm.t)*(INDEX(_xlpm.d,,5)=_xlpm.s)*(INDEX(_xlpm.d,,6)=_xlpm.n)*(INDEX(_xlpm.d,,11)="RS")),_xlpm.y,_xlfn.SORTBY(_xlpm.x,INDEX(_xlpm.x,,8),1,IF(INDEX(_xlpm.x,,9)="",1E+99,INDEX(_xlpm.x,,9)),-1,IF(INDEX(_xlpm.x,,10)="",0,INDEX(_xlpm.x,,10)),1),IFERROR(_xlfn.CHOOSECOLS(_xlfn.TAKE(_xlpm.y,1),8,9,10),""))} | H25: 12 | I25: 31900 | J25: {=_xlfn.LET(_xlpm.d,'페이백 미포함'!$A$2:$K$2061,_xlpm.p,_xlfn.XLOOKUP($B25,참조!$K$2:$K$30,IF(참조!$L$2:$L$30<>"",참조!$L$2:$L$30,참조!$M$2:$M$30),""),_xlpm.n,IF(OR($C25="SK",$C25="SKT"),"SKT",$C25),_xlpm.k,SUBSTITUTE(J$3,"GB","G"),_xlpm.s,_xlfn.XLOOKUP(_xlpm.k,참조!$F$2:$F$15,참조!$B$2:$B$15,""),_xlpm.v,_xlfn.XLOOKUP(_xlpm.k,참조!$F$2:$F$15,참조!$D$2:$D$15,""),_xlpm.t,_xlfn.XLOOKUP(_xlpm.k,참조!$F$2:$F$15,참조!$E$2:$E$15,""),_xlpm.x,_xlfn._xlws.FILTER(_xlpm.d,(INDEX(_xlpm.d,,1)=_xlpm.p)*(INDEX(_xlpm.d,,3)=_xlpm.v)*(INDEX(_xlpm.d,,4)=_xlpm.t)*(INDEX(_xlpm.d,,5)=_xlpm.s)*(INDEX(_xlpm.d,,6)=_xlpm.n)*(INDEX(_xlpm.d,,11)="RS")),_xlpm.y,_xlfn.SORTBY(_xlpm.x,INDEX(_xlpm.x,,8),1,IF(INDEX(_xlpm.x,,9)="",1E+99,INDEX(_xlpm.x,,9)),-1,IF(INDEX(_xlpm.x,,10)="",0,INDEX(_xlpm.x,,10)),1),IFERROR(_xlfn.CHOOSECOLS(_xlfn.TAKE(_xlpm.y,1),8,9,10),""))} | K25: 9 | L25: 37400 | M25: {=_xlfn.LET(_xlpm.d,'페이백 미포함'!$A$2:$K$2061,_xlpm.p,_xlfn.XLOOKUP($B25,참조!$K$2:$K$30,IF(참조!$L$2:$L$30<>"",참조!$L$2:$L$30,참조!$M$2:$M$30),""),_xlpm.n,IF(OR($C25="SK",$C25="SKT"),"SKT",$C25),_xlpm.k,SUBSTITUTE(M$3,"GB","G"),_xlpm.s,_xlfn.XLOOKUP(_xlpm.k,참조!$F$2:$F$15,참조!$B$2:$B$15,""),_xlpm.v,_xlfn.XLOOKUP(_xlpm.k,참조!$F$2:$F$15,참조!$D$2:$D$15,""),_xlpm.t,_xlfn.XLOOKUP(_xlpm.k,참조!$F$2:$F$15,참조!$E$2:$E$15,""),_xlpm.x,_xlfn._xlws.FILTER(_xlpm.d,(INDEX(_xlpm.d,,1)=_xlpm.p)*(INDEX(_xlpm.d,,3)=_xlpm.v)*(INDEX(_xlpm.d,,4)=_xlpm.t)*(INDEX(_xlpm.d,,5)=_xlpm.s)*(INDEX(_xlpm.d,,6)=_xlpm.n)*(INDEX(_xlpm.d,,11)="RS")),_xlpm.y,_xlfn.SORTBY(_xlpm.x,INDEX(_xlpm.x,,8),1,IF(INDEX(_xlpm.x,,9)="",1E+99,INDEX(_xlpm.x,,9)),-1,IF(INDEX(_xlpm.x,,10)="",0,INDEX(_xlpm.x,,10)),1),IFERROR(_xlfn.CHOOSECOLS(_xlfn.TAKE(_xlpm.y,1),8,9,10),""))} | N25: 9 | O25: 39600 | P25: {=_xlfn.LET(_xlpm.d,'페이백 미포함'!$A$2:$K$2061,_xlpm.p,_xlfn.XLOOKUP($B25,참조!$K$2:$K$30,IF(참조!$L$2:$L$30<>"",참조!$L$2:$L$30,참조!$M$2:$M$30),""),_xlpm.n,IF(OR($C25="SK",$C25="SKT"),"SKT",$C25),_xlpm.k,SUBSTITUTE(P$3,"GB","G"),_xlpm.s,_xlfn.XLOOKUP(_xlpm.k,참조!$F$2:$F$15,참조!$B$2:$B$15,""),_xlpm.v,_xlfn.XLOOKUP(_xlpm.k,참조!$F$2:$F$15,참조!$D$2:$D$15,""),_xlpm.t,_xlfn.XLOOKUP(_xlpm.k,참조!$F$2:$F$15,참조!$E$2:$E$15,""),_xlpm.x,_xlfn._xlws.FILTER(_xlpm.d,(INDEX(_xlpm.d,,1)=_xlpm.p)*(INDEX(_xlpm.d,,3)=_xlpm.v)*(INDEX(_xlpm.d,,4)=_xlpm.t)*(INDEX(_xlpm.d,,5)=_xlpm.s)*(INDEX(_xlpm.d,,6)=_xlpm.n)*(INDEX(_xlpm.d,,11)="RS")),_xlpm.y,_xlfn.SORTBY(_xlpm.x,INDEX(_xlpm.x,,8),1,IF(INDEX(_xlpm.x,,9)="",1E+99,INDEX(_xlpm.x,,9)),-1,IF(INDEX(_xlpm.x,,10)="",0,INDEX(_xlpm.x,,10)),1),IFERROR(_xlfn.CHOOSECOLS(_xlfn.TAKE(_xlpm.y,1),8,9,10),""))} | Q25: 9 | R25: 48400 | S25: {=_xlfn.LET(_xlpm.d,'페이백 미포함'!$A$2:$K$2061,_xlpm.p,_xlfn.XLOOKUP($B25,참조!$K$2:$K$30,IF(참조!$L$2:$L$30<>"",참조!$L$2:$L$30,참조!$M$2:$M$30),""),_xlpm.n,IF(OR($C25="SK",$C25="SKT"),"SKT",$C25),_xlpm.k,SUBSTITUTE(S$3,"GB","G"),_xlpm.s,_xlfn.XLOOKUP(_xlpm.k,참조!$F$2:$F$15,참조!$B$2:$B$15,""),_xlpm.v,_xlfn.XLOOKUP(_xlpm.k,참조!$F$2:$F$15,참조!$D$2:$D$15,""),_xlpm.t,_xlfn.XLOOKUP(_xlpm.k,참조!$F$2:$F$15,참조!$E$2:$E$15,""),_xlpm.x,_xlfn._xlws.FILTER(_xlpm.d,(INDEX(_xlpm.d,,1)=_xlpm.p)*(INDEX(_xlpm.d,,3)=_xlpm.v)*(INDEX(_xlpm.d,,4)=_xlpm.t)*(INDEX(_xlpm.d,,5)=_xlpm.s)*(INDEX(_xlpm.d,,6)=_xlpm.n)*(INDEX(_xlpm.d,,11)="RS")),_xlpm.y,_xlfn.SORTBY(_xlpm.x,INDEX(_xlpm.x,,8),1,IF(INDEX(_xlpm.x,,9)="",1E+99,INDEX(_xlpm.x,,9)),-1,IF(INDEX(_xlpm.x,,10)="",0,INDEX(_xlpm.x,,10)),1),IFERROR(_xlfn.CHOOSECOLS(_xlfn.TAKE(_xlpm.y,1),8,9,10),""))} | V25: {=_xlfn.LET(_xlpm.d,'페이백 미포함'!$A$2:$K$2061,_xlpm.p,_xlfn.XLOOKUP($B25,참조!$K$2:$K$30,IF(참조!$L$2:$L$30<>"",참조!$L$2:$L$30,참조!$M$2:$M$30),""),_xlpm.n,IF(OR($C25="SK",$C25="SKT"),"SKT",$C25),_xlpm.k,SUBSTITUTE(V$3,"GB","G"),_xlpm.s,_xlfn.XLOOKUP(_xlpm.k,참조!$F$2:$F$15,참조!$B$2:$B$15,""),_xlpm.v,_xlfn.XLOOKUP(_xlpm.k,참조!$F$2:$F$15,참조!$D$2:$D$15,""),_xlpm.t,_xlfn.XLOOKUP(_xlpm.k,참조!$F$2:$F$15,참조!$E$2:$E$15,""),_xlpm.x,_xlfn._xlws.FILTER(_xlpm.d,(INDEX(_xlpm.d,,1)=_xlpm.p)*(INDEX(_xlpm.d,,3)=_xlpm.v)*(INDEX(_xlpm.d,,4)=_xlpm.t)*(INDEX(_xlpm.d,,5)=_xlpm.s)*(INDEX(_xlpm.d,,6)=_xlpm.n)*(INDEX(_xlpm.d,,11)="RS")),_xlpm.y,_xlfn.SORTBY(_xlpm.x,INDEX(_xlpm.x,,8),1,IF(INDEX(_xlpm.x,,9)="",1E+99,INDEX(_xlpm.x,,9)),-1,IF(INDEX(_xlpm.x,,10)="",0,INDEX(_xlpm.x,,10)),1),IFERROR(_xlfn.CHOOSECOLS(_xlfn.TAKE(_xlpm.y,1),8,9,10),""))} | Y25: {=_xlfn.LET(_xlpm.d,'페이백 미포함'!$A$2:$K$2061,_xlpm.p,_xlfn.XLOOKUP($B25,참조!$K$2:$K$30,IF(참조!$L$2:$L$30<>"",참조!$L$2:$L$30,참조!$M$2:$M$30),""),_xlpm.n,IF(OR($C25="SK",$C25="SKT"),"SKT",$C25),_xlpm.k,SUBSTITUTE(Y$3,"GB","G"),_xlpm.s,_xlfn.XLOOKUP(_xlpm.k,참조!$F$2:$F$15,참조!$B$2:$B$15,""),_xlpm.v,_xlfn.XLOOKUP(_xlpm.k,참조!$F$2:$F$15,참조!$D$2:$D$15,""),_xlpm.t,_xlfn.XLOOKUP(_xlpm.k,참조!$F$2:$F$15,참조!$E$2:$E$15,""),_xlpm.x,_xlfn._xlws.FILTER(_xlpm.d,(INDEX(_xlpm.d,,1)=_xlpm.p)*(INDEX(_xlpm.d,,3)=_xlpm.v)*(INDEX(_xlpm.d,,4)=_xlpm.t)*(INDEX(_xlpm.d,,5)=_xlpm.s)*(INDEX(_xlpm.d,,6)=_xlpm.n)*(INDEX(_xlpm.d,,11)="RS")),_xlpm.y,_xlfn.SORTBY(_xlpm.x,INDEX(_xlpm.x,,8),1,IF(INDEX(_xlpm.x,,9)="",1E+99,INDEX(_xlpm.x,,9)),-1,IF(INDEX(_xlpm.x,,10)="",0,INDEX(_xlpm.x,,10)),1),IFERROR(_xlfn.CHOOSECOLS(_xlfn.TAKE(_xlpm.y,1),8,9,10),""))}
B26: =B25 | C26: KT | D26: {=_xlfn.LET(_xlpm.d,'페이백 미포함'!$A$2:$K$2061,_xlpm.p,_xlfn.XLOOKUP($B26,참조!$K$2:$K$30,IF(참조!$L$2:$L$30<>"",참조!$L$2:$L$30,참조!$M$2:$M$30),""),_xlpm.n,IF(OR($C26="SK",$C26="SKT"),"SKT",$C26),_xlpm.k,SUBSTITUTE(D$3,"GB","G"),_xlpm.s,_xlfn.XLOOKUP(_xlpm.k,참조!$F$2:$F$15,참조!$B$2:$B$15,""),_xlpm.v,_xlfn.XLOOKUP(_xlpm.k,참조!$F$2:$F$15,참조!$D$2:$D$15,""),_xlpm.t,_xlfn.XLOOKUP(_xlpm.k,참조!$F$2:$F$15,참조!$E$2:$E$15,""),_xlpm.x,_xlfn._xlws.FILTER(_xlpm.d,(INDEX(_xlpm.d,,1)=_xlpm.p)*(INDEX(_xlpm.d,,3)=_xlpm.v)*(INDEX(_xlpm.d,,4)=_xlpm.t)*(INDEX(_xlpm.d,,5)=_xlpm.s)*(INDEX(_xlpm.d,,6)=_xlpm.n)*(INDEX(_xlpm.d,,11)="RS")),_xlpm.y,_xlfn.SORTBY(_xlpm.x,INDEX(_xlpm.x,,8),1,IF(INDEX(_xlpm.x,,9)="",1E+99,INDEX(_xlpm.x,,9)),-1,IF(INDEX(_xlpm.x,,10)="",0,INDEX(_xlpm.x,,10)),1),IFERROR(_xlfn.CHOOSECOLS(_xlfn.TAKE(_xlpm.y,1),8,9,10),""))} | E26: 7 | F26: 29700 | G26: {=_xlfn.LET(_xlpm.d,'페이백 미포함'!$A$2:$K$2061,_xlpm.p,_xlfn.XLOOKUP($B26,참조!$K$2:$K$30,IF(참조!$L$2:$L$30<>"",참조!$L$2:$L$30,참조!$M$2:$M$30),""),_xlpm.n,IF(OR($C26="SK",$C26="SKT"),"SKT",$C26),_xlpm.k,SUBSTITUTE(G$3,"GB","G"),_xlpm.s,_xlfn.XLOOKUP(_xlpm.k,참조!$F$2:$F$15,참조!$B$2:$B$15,""),_xlpm.v,_xlfn.XLOOKUP(_xlpm.k,참조!$F$2:$F$15,참조!$D$2:$D$15,""),_xlpm.t,_xlfn.XLOOKUP(_xlpm.k,참조!$F$2:$F$15,참조!$E$2:$E$15,""),_xlpm.x,_xlfn._xlws.FILTER(_xlpm.d,(INDEX(_xlpm.d,,1)=_xlpm.p)*(INDEX(_xlpm.d,,3)=_xlpm.v)*(INDEX(_xlpm.d,,4)=_xlpm.t)*(INDEX(_xlpm.d,,5)=_xlpm.s)*(INDEX(_xlpm.d,,6)=_xlpm.n)*(INDEX(_xlpm.d,,11)="RS")),_xlpm.y,_xlfn.SORTBY(_xlpm.x,INDEX(_xlpm.x,,8),1,IF(INDEX(_xlpm.x,,9)="",1E+99,INDEX(_xlpm.x,,9)),-1,IF(INDEX(_xlpm.x,,10)="",0,INDEX(_xlpm.x,,10)),1),IFERROR(_xlfn.CHOOSECOLS(_xlfn.TAKE(_xlpm.y,1),8,9,10),""))} | H26: 7 | I26: 36300 | J26: {=_xlfn.LET(_xlpm.d,'페이백 미포함'!$A$2:$K$2061,_xlpm.p,_xlfn.XLOOKUP($B26,참조!$K$2:$K$30,IF(참조!$L$2:$L$30<>"",참조!$L$2:$L$30,참조!$M$2:$M$30),""),_xlpm.n,IF(OR($C26="SK",$C26="SKT"),"SKT",$C26),_xlpm.k,SUBSTITUTE(J$3,"GB","G"),_xlpm.s,_xlfn.XLOOKUP(_xlpm.k,참조!$F$2:$F$15,참조!$B$2:$B$15,""),_xlpm.v,_xlfn.XLOOKUP(_xlpm.k,참조!$F$2:$F$15,참조!$D$2:$D$15,""),_xlpm.t,_xlfn.XLOOKUP(_xlpm.k,참조!$F$2:$F$15,참조!$E$2:$E$15,""),_xlpm.x,_xlfn._xlws.FILTER(_xlpm.d,(INDEX(_xlpm.d,,1)=_xlpm.p)*(INDEX(_xlpm.d,,3)=_xlpm.v)*(INDEX(_xlpm.d,,4)=_xlpm.t)*(INDEX(_xlpm.d,,5)=_xlpm.s)*(INDEX(_xlpm.d,,6)=_xlpm.n)*(INDEX(_xlpm.d,,11)="RS")),_xlpm.y,_xlfn.SORTBY(_xlpm.x,INDEX(_xlpm.x,,8),1,IF(INDEX(_xlpm.x,,9)="",1E+99,INDEX(_xlpm.x,,9)),-1,IF(INDEX(_xlpm.x,,10)="",0,INDEX(_xlpm.x,,10)),1),IFERROR(_xlfn.CHOOSECOLS(_xlfn.TAKE(_xlpm.y,1),8,9,10),""))} | K26: 7 | L26: 39600 | M26: {=_xlfn.LET(_xlpm.d,'페이백 미포함'!$A$2:$K$2061,_xlpm.p,_xlfn.XLOOKUP($B26,참조!$K$2:$K$30,IF(참조!$L$2:$L$30<>"",참조!$L$2:$L$30,참조!$M$2:$M$30),""),_xlpm.n,IF(OR($C26="SK",$C26="SKT"),"SKT",$C26),_xlpm.k,SUBSTITUTE(M$3,"GB","G"),_xlpm.s,_xlfn.XLOOKUP(_xlpm.k,참조!$F$2:$F$15,참조!$B$2:$B$15,""),_xlpm.v,_xlfn.XLOOKUP(_xlpm.k,참조!$F$2:$F$15,참조!$D$2:$D$15,""),_xlpm.t,_xlfn.XLOOKUP(_xlpm.k,참조!$F$2:$F$15,참조!$E$2:$E$15,""),_xlpm.x,_xlfn._xlws.FILTER(_xlpm.d,(INDEX(_xlpm.d,,1)=_xlpm.p)*(INDEX(_xlpm.d,,3)=_xlpm.v)*(INDEX(_xlpm.d,,4)=_xlpm.t)*(INDEX(_xlpm.d,,5)=_xlpm.s)*(INDEX(_xlpm.d,,6)=_xlpm.n)*(INDEX(_xlpm.d,,11)="RS")),_xlpm.y,_xlfn.SORTBY(_xlpm.x,INDEX(_xlpm.x,,8),1,IF(INDEX(_xlpm.x,,9)="",1E+99,INDEX(_xlpm.x,,9)),-1,IF(INDEX(_xlpm.x,,10)="",0,INDEX(_xlpm.x,,10)),1),IFERROR(_xlfn.CHOOSECOLS(_xlfn.TAKE(_xlpm.y,1),8,9,10),""))} | N26: 7 | O26: 44000 | P26: {=_xlfn.LET(_xlpm.d,'페이백 미포함'!$A$2:$K$2061,_xlpm.p,_xlfn.XLOOKUP($B26,참조!$K$2:$K$30,IF(참조!$L$2:$L$30<>"",참조!$L$2:$L$30,참조!$M$2:$M$30),""),_xlpm.n,IF(OR($C26="SK",$C26="SKT"),"SKT",$C26),_xlpm.k,SUBSTITUTE(P$3,"GB","G"),_xlpm.s,_xlfn.XLOOKUP(_xlpm.k,참조!$F$2:$F$15,참조!$B$2:$B$15,""),_xlpm.v,_xlfn.XLOOKUP(_xlpm.k,참조!$F$2:$F$15,참조!$D$2:$D$15,""),_xlpm.t,_xlfn.XLOOKUP(_xlpm.k,참조!$F$2:$F$15,참조!$E$2:$E$15,""),_xlpm.x,_xlfn._xlws.FILTER(_xlpm.d,(INDEX(_xlpm.d,,1)=_xlpm.p)*(INDEX(_xlpm.d,,3)=_xlpm.v)*(INDEX(_xlpm.d,,4)=_xlpm.t)*(INDEX(_xlpm.d,,5)=_xlpm.s)*(INDEX(_xlpm.d,,6)=_xlpm.n)*(INDEX(_xlpm.d,,11)="RS")),_xlpm.y,_xlfn.SORTBY(_xlpm.x,INDEX(_xlpm.x,,8),1,IF(INDEX(_xlpm.x,,9)="",1E+99,INDEX(_xlpm.x,,9)),-1,IF(INDEX(_xlpm.x,,10)="",0,INDEX(_xlpm.x,,10)),1),IFERROR(_xlfn.CHOOSECOLS(_xlfn.TAKE(_xlpm.y,1),8,9,10),""))} | Q26: 7 | R26: 48400 | S26: {=_xlfn.LET(_xlpm.d,'페이백 미포함'!$A$2:$K$2061,_xlpm.p,_xlfn.XLOOKUP($B26,참조!$K$2:$K$30,IF(참조!$L$2:$L$30<>"",참조!$L$2:$L$30,참조!$M$2:$M$30),""),_xlpm.n,IF(OR($C26="SK",$C26="SKT"),"SKT",$C26),_xlpm.k,SUBSTITUTE(S$3,"GB","G"),_xlpm.s,_xlfn.XLOOKUP(_xlpm.k,참조!$F$2:$F$15,참조!$B$2:$B$15,""),_xlpm.v,_xlfn.XLOOKUP(_xlpm.k,참조!$F$2:$F$15,참조!$D$2:$D$15,""),_xlpm.t,_xlfn.XLOOKUP(_xlpm.k,참조!$F$2:$F$15,참조!$E$2:$E$15,""),_xlpm.x,_xlfn._xlws.FILTER(_xlpm.d,(INDEX(_xlpm.d,,1)=_xlpm.p)*(INDEX(_xlpm.d,,3)=_xlpm.v)*(INDEX(_xlpm.d,,4)=_xlpm.t)*(INDEX(_xlpm.d,,5)=_xlpm.s)*(INDEX(_xlpm.d,,6)=_xlpm.n)*(INDEX(_xlpm.d,,11)="RS")),_xlpm.y,_xlfn.SORTBY(_xlpm.x,INDEX(_xlpm.x,,8),1,IF(INDEX(_xlpm.x,,9)="",1E+99,INDEX(_xlpm.x,,9)),-1,IF(INDEX(_xlpm.x,,10)="",0,INDEX(_xlpm.x,,10)),1),IFERROR(_xlfn.CHOOSECOLS(_xlfn.TAKE(_xlpm.y,1),8,9,10),""))} | V26: {=_xlfn.LET(_xlpm.d,'페이백 미포함'!$A$2:$K$2061,_xlpm.p,_xlfn.XLOOKUP($B26,참조!$K$2:$K$30,IF(참조!$L$2:$L$30<>"",참조!$L$2:$L$30,참조!$M$2:$M$30),""),_xlpm.n,IF(OR($C26="SK",$C26="SKT"),"SKT",$C26),_xlpm.k,SUBSTITUTE(V$3,"GB","G"),_xlpm.s,_xlfn.XLOOKUP(_xlpm.k,참조!$F$2:$F$15,참조!$B$2:$B$15,""),_xlpm.v,_xlfn.XLOOKUP(_xlpm.k,참조!$F$2:$F$15,참조!$D$2:$D$15,""),_xlpm.t,_xlfn.XLOOKUP(_xlpm.k,참조!$F$2:$F$15,참조!$E$2:$E$15,""),_xlpm.x,_xlfn._xlws.FILTER(_xlpm.d,(INDEX(_xlpm.d,,1)=_xlpm.p)*(INDEX(_xlpm.d,,3)=_xlpm.v)*(INDEX(_xlpm.d,,4)=_xlpm.t)*(INDEX(_xlpm.d,,5)=_xlpm.s)*(INDEX(_xlpm.d,,6)=_xlpm.n)*(INDEX(_xlpm.d,,11)="RS")),_xlpm.y,_xlfn.SORTBY(_xlpm.x,INDEX(_xlpm.x,,8),1,IF(INDEX(_xlpm.x,,9)="",1E+99,INDEX(_xlpm.x,,9)),-1,IF(INDEX(_xlpm.x,,10)="",0,INDEX(_xlpm.x,,10)),1),IFERROR(_xlfn.CHOOSECOLS(_xlfn.TAKE(_xlpm.y,1),8,9,10),""))} | Y26: {=_xlfn.LET(_xlpm.d,'페이백 미포함'!$A$2:$K$2061,_xlpm.p,_xlfn.XLOOKUP($B26,참조!$K$2:$K$30,IF(참조!$L$2:$L$30<>"",참조!$L$2:$L$30,참조!$M$2:$M$30),""),_xlpm.n,IF(OR($C26="SK",$C26="SKT"),"SKT",$C26),_xlpm.k,SUBSTITUTE(Y$3,"GB","G"),_xlpm.s,_xlfn.XLOOKUP(_xlpm.k,참조!$F$2:$F$15,참조!$B$2:$B$15,""),_xlpm.v,_xlfn.XLOOKUP(_xlpm.k,참조!$F$2:$F$15,참조!$D$2:$D$15,""),_xlpm.t,_xlfn.XLOOKUP(_xlpm.k,참조!$F$2:$F$15,참조!$E$2:$E$15,""),_xlpm.x,_xlfn._xlws.FILTER(_xlpm.d,(INDEX(_xlpm.d,,1)=_xlpm.p)*(INDEX(_xlpm.d,,3)=_xlpm.v)*(INDEX(_xlpm.d,,4)=_xlpm.t)*(INDEX(_xlpm.d,,5)=_xlpm.s)*(INDEX(_xlpm.d,,6)=_xlpm.n)*(INDEX(_xlpm.d,,11)="RS")),_xlpm.y,_xlfn.SORTBY(_xlpm.x,INDEX(_xlpm.x,,8),1,IF(INDEX(_xlpm.x,,9)="",1E+99,INDEX(_xlpm.x,,9)),-1,IF(INDEX(_xlpm.x,,10)="",0,INDEX(_xlpm.x,,10)),1),IFERROR(_xlfn.CHOOSECOLS(_xlfn.TAKE(_xlpm.y,1),8,9,10),""))}
